﻿<?xml version="1.0" encoding="utf-8"?>
<abapGit version="v1.0.0" serializer="LCL_OBJECT_AVAS" serializer_version="v1.0.0">
 <asx:abap xmlns:asx="http://www.sap.com/abapxml" version="1.0">
  <asx:values>
   <AVAS>
    <HEADER>
     <GUID>005056AA186B1EEB82D7E054552B5463</GUID>
     <ATTRIBUTE>RELEASE_STATE</ATTRIBUTE>
     <OBJECT>
      <TROBJTYPE>CLAS</TROBJTYPE>
      <SOBJ_NAME>ZCL_FICO_MASTERDATA</SOBJ_NAME>
     </OBJECT>
    </HEADER>
    <VALUES>
     <CLS_VALUE_ASSIGNMENT>
      <VALUE>NOT_RELEASED</VALUE>
      <ICON>@MG@</ICON>
     </CLS_VALUE_ASSIGNMENT>
    </VALUES>
   </AVAS>
  </asx:values>
 </asx:abap>
</abapGit>
