﻿<?xml version="1.0" encoding="utf-8"?>
<abapGit version="v1.0.0" serializer="LCL_OBJECT_AVAS" serializer_version="v1.0.0">
 <asx:abap xmlns:asx="http://www.sap.com/abapxml" version="1.0">
  <asx:values>
   <AVAS>
    <HEADER>
     <GUID>005056AA186B1EDAB8A28EC047969452</GUID>
     <ATTRIBUTE>RELEASE_STATE</ATTRIBUTE>
     <OBJECT>
      <TROBJTYPE>FUNC</TROBJTYPE>
      <SOBJ_NAME>ZBAPI_GLACCOUNT_MAINTAIN</SOBJ_NAME>
     </OBJECT>
    </HEADER>
    <VALUES>
     <CLS_VALUE_ASSIGNMENT>
      <VALUE>RELEASED_PUBLIC</VALUE>
      <ICON>@5Y@</ICON>
     </CLS_VALUE_ASSIGNMENT>
    </VALUES>
   </AVAS>
  </asx:values>
 </asx:abap>
</abapGit>
