﻿<?xml version="1.0" encoding="utf-8"?>
<abapGit version="v1.0.0" serializer="LCL_OBJECT_SFPI" serializer_version="v1.0.0">
 <asx:abap version="1.0" xmlns:asx="http://www.sap.com/abapxml">
  <asx:values>
   <VERSION>1</VERSION>
   <TYPE/>
   <INTERFACE href="#o1"/>
   <INTERFACET>
    <FPINTERFACET>
     <NAME/>
     <STATE/>
     <LANGUAGE>E</LANGUAGE>
     <ID/>
     <TEXT>GL Master Maintenance Form Interface</TEXT>
    </FPINTERFACET>
   </INTERFACET>
  </asx:values>
  <asx:heap xmlns:xsd="http://www.w3.org/2001/XMLSchema" xmlns:abap="http://www.sap.com/abapxml/types/built-in" xmlns:cls="http://www.sap.com/abapxml/classes/global" xmlns:dic="http://www.sap.com/abapxml/types/dictionary">
   <cls:CL_FP_INTERFACE_DATA id="o1">
    <CL_FP_INTERFACE_DATA classVersion="1">
     <CODING href="#o5"/>
     <PARAMETERS href="#o4"/>
     <GLOBAL_DEFINITIONS href="#o3"/>
     <REFERENCE_FIELDS href="#o2"/>
     <XSD_DEFINITIONS/>
    </CL_FP_INTERFACE_DATA>
   </cls:CL_FP_INTERFACE_DATA>
   <cls:CL_FP_REFERENCE_FIELDS id="o2">
    <CL_FP_INTERFACE_DATA_CHANGED classVersion="1">
     <INTERFACE_DATA href="#o1"/>
    </CL_FP_INTERFACE_DATA_CHANGED>
    <CL_FP_REFERENCE_FIELDS classVersion="1">
     <REFERENCE_FIELDS/>
    </CL_FP_REFERENCE_FIELDS>
   </cls:CL_FP_REFERENCE_FIELDS>
   <cls:CL_FP_GLOBAL_DEFINITIONS id="o3">
    <CL_FP_INTERFACE_DATA_CHANGED classVersion="1">
     <INTERFACE_DATA href="#o1"/>
    </CL_FP_INTERFACE_DATA_CHANGED>
    <CL_FP_GLOBAL_DEFINITIONS classVersion="1">
     <GLOBAL_DATA/>
     <TYPES/>
     <FIELDSYMBOLS/>
    </CL_FP_GLOBAL_DEFINITIONS>
   </cls:CL_FP_GLOBAL_DEFINITIONS>
   <cls:CL_FP_PARAMETERS id="o4">
    <CL_FP_INTERFACE_DATA_CHANGED classVersion="1">
     <INTERFACE_DATA href="#o1"/>
    </CL_FP_INTERFACE_DATA_CHANGED>
    <CL_FP_PARAMETERS classVersion="1">
     <IMPORT_PARAMETERS>
      <SFPIOPAR>
       <NAME>ISR_LONG_TEXT</NAME>
       <TYPING>TYPE</TYPING>
       <TYPENAME>QISR_TAB_TYPE</TYPENAME>
       <OPTIONAL/>
       <BYVALUE/>
       <DEFAULTVAL/>
       <STANDARD/>
       <CONSTANT/>
      </SFPIOPAR>
      <SFPIOPAR>
       <NAME>ISR_NEW_LONG_TEXT</NAME>
       <TYPING>TYPE</TYPING>
       <TYPENAME>QISR_TAB_TYPE</TYPENAME>
       <OPTIONAL/>
       <BYVALUE/>
       <DEFAULTVAL/>
       <STANDARD/>
       <CONSTANT/>
      </SFPIOPAR>
      <SFPIOPAR>
       <NAME>ISR_AUTOMATIC_UPDATE</NAME>
       <TYPING>TYPE</TYPING>
       <TYPENAME>QISR_TAB_TYPE</TYPENAME>
       <OPTIONAL/>
       <BYVALUE/>
       <DEFAULTVAL/>
       <STANDARD/>
       <CONSTANT/>
      </SFPIOPAR>
      <SFPIOPAR>
       <NAME>GENERAL_DATA</NAME>
       <TYPING>TYPE</TYPING>
       <TYPENAME>QISRSGENERAL_PARAM</TYPENAME>
       <OPTIONAL/>
       <BYVALUE/>
       <DEFAULTVAL/>
       <STANDARD/>
       <CONSTANT/>
      </SFPIOPAR>
      <SFPIOPAR>
       <NAME>CONTROL_PARAM</NAME>
       <TYPING>TYPE</TYPING>
       <TYPENAME>QISRSFORM_PARAM</TYPENAME>
       <OPTIONAL/>
       <BYVALUE/>
       <DEFAULTVAL/>
       <STANDARD/>
       <CONSTANT/>
      </SFPIOPAR>
      <SFPIOPAR>
       <NAME>UI_ATTRIBUTES</NAME>
       <TYPING>TYPE</TYPING>
       <TYPENAME>QISRTUI_ATTRIBUTE_PARAM</TYPENAME>
       <OPTIONAL/>
       <BYVALUE/>
       <DEFAULTVAL/>
       <STANDARD/>
       <CONSTANT/>
      </SFPIOPAR>
      <SFPIOPAR>
       <NAME>APPRV_STATUS</NAME>
       <TYPING>TYPE</TYPING>
       <TYPENAME>QISR_TAB_TYPE</TYPENAME>
       <OPTIONAL/>
       <BYVALUE/>
       <DEFAULTVAL/>
       <STANDARD/>
       <CONSTANT/>
      </SFPIOPAR>
      <SFPIOPAR>
       <NAME>AGREE</NAME>
       <TYPING>TYPE</TYPING>
       <TYPENAME>QISR_TAB_TYPE</TYPENAME>
       <OPTIONAL/>
       <BYVALUE/>
       <DEFAULTVAL/>
       <STANDARD/>
       <CONSTANT/>
      </SFPIOPAR>
      <SFPIOPAR>
       <NAME>CHECKLIST</NAME>
       <TYPING>TYPE</TYPING>
       <TYPENAME>ZFI_S_GLMAST_APPRV_CHKLIST</TYPENAME>
       <OPTIONAL/>
       <BYVALUE/>
       <DEFAULTVAL/>
       <STANDARD/>
       <CONSTANT/>
      </SFPIOPAR>
      <SFPIOPAR>
       <NAME>CBOX1</NAME>
       <TYPING>TYPE</TYPING>
       <TYPENAME>QISR_TAB_TYPE</TYPENAME>
       <OPTIONAL/>
       <BYVALUE/>
       <DEFAULTVAL/>
       <STANDARD/>
       <CONSTANT/>
      </SFPIOPAR>
      <SFPIOPAR>
       <NAME>CBOX2</NAME>
       <TYPING>TYPE</TYPING>
       <TYPENAME>QISR_TAB_TYPE</TYPENAME>
       <OPTIONAL/>
       <BYVALUE/>
       <DEFAULTVAL/>
       <STANDARD/>
       <CONSTANT/>
      </SFPIOPAR>
      <SFPIOPAR>
       <NAME>CBOX3</NAME>
       <TYPING>TYPE</TYPING>
       <TYPENAME>QISR_TAB_TYPE</TYPENAME>
       <OPTIONAL/>
       <BYVALUE/>
       <DEFAULTVAL/>
       <STANDARD/>
       <CONSTANT/>
      </SFPIOPAR>
      <SFPIOPAR>
       <NAME>CBOX4</NAME>
       <TYPING>TYPE</TYPING>
       <TYPENAME>QISR_TAB_TYPE</TYPENAME>
       <OPTIONAL/>
       <BYVALUE/>
       <DEFAULTVAL/>
       <STANDARD/>
       <CONSTANT/>
      </SFPIOPAR>
      <SFPIOPAR>
       <NAME>CBOX5</NAME>
       <TYPING>TYPE</TYPING>
       <TYPENAME>QISR_TAB_TYPE</TYPENAME>
       <OPTIONAL/>
       <BYVALUE/>
       <DEFAULTVAL/>
       <STANDARD/>
       <CONSTANT/>
      </SFPIOPAR>
      <SFPIOPAR>
       <NAME>CBOX6</NAME>
       <TYPING>TYPE</TYPING>
       <TYPENAME>QISR_TAB_TYPE</TYPENAME>
       <OPTIONAL/>
       <BYVALUE/>
       <DEFAULTVAL/>
       <STANDARD/>
       <CONSTANT/>
      </SFPIOPAR>
      <SFPIOPAR>
       <NAME>CBOX7</NAME>
       <TYPING>TYPE</TYPING>
       <TYPENAME>QISR_TAB_TYPE</TYPENAME>
       <OPTIONAL/>
       <BYVALUE/>
       <DEFAULTVAL/>
       <STANDARD/>
       <CONSTANT/>
      </SFPIOPAR>
      <SFPIOPAR>
       <NAME>CBOX8</NAME>
       <TYPING>TYPE</TYPING>
       <TYPENAME>QISR_TAB_TYPE</TYPENAME>
       <OPTIONAL/>
       <BYVALUE/>
       <DEFAULTVAL/>
       <STANDARD/>
       <CONSTANT/>
      </SFPIOPAR>
      <SFPIOPAR>
       <NAME>CBOX9</NAME>
       <TYPING>TYPE</TYPING>
       <TYPENAME>QISR_TAB_TYPE</TYPENAME>
       <OPTIONAL/>
       <BYVALUE/>
       <DEFAULTVAL/>
       <STANDARD/>
       <CONSTANT/>
      </SFPIOPAR>
      <SFPIOPAR>
       <NAME>CBOX10</NAME>
       <TYPING>TYPE</TYPING>
       <TYPENAME>QISR_TAB_TYPE</TYPENAME>
       <OPTIONAL/>
       <BYVALUE/>
       <DEFAULTVAL/>
       <STANDARD/>
       <CONSTANT/>
      </SFPIOPAR>
      <SFPIOPAR>
       <NAME>CBOX11</NAME>
       <TYPING>TYPE</TYPING>
       <TYPENAME>QISR_TAB_TYPE</TYPENAME>
       <OPTIONAL/>
       <BYVALUE/>
       <DEFAULTVAL/>
       <STANDARD/>
       <CONSTANT/>
      </SFPIOPAR>
      <SFPIOPAR>
       <NAME>CBOX12</NAME>
       <TYPING>TYPE</TYPING>
       <TYPENAME>QISR_TAB_TYPE</TYPENAME>
       <OPTIONAL/>
       <BYVALUE/>
       <DEFAULTVAL/>
       <STANDARD/>
       <CONSTANT/>
      </SFPIOPAR>
      <SFPIOPAR>
       <NAME>CBOX13</NAME>
       <TYPING>TYPE</TYPING>
       <TYPENAME>QISR_TAB_TYPE</TYPENAME>
       <OPTIONAL/>
       <BYVALUE/>
       <DEFAULTVAL/>
       <STANDARD/>
       <CONSTANT/>
      </SFPIOPAR>
      <SFPIOPAR>
       <NAME>CBOX14</NAME>
       <TYPING>TYPE</TYPING>
       <TYPENAME>QISR_TAB_TYPE</TYPENAME>
       <OPTIONAL/>
       <BYVALUE/>
       <DEFAULTVAL/>
       <STANDARD/>
       <CONSTANT/>
      </SFPIOPAR>
      <SFPIOPAR>
       <NAME>CBOX15</NAME>
       <TYPING>TYPE</TYPING>
       <TYPENAME>QISR_TAB_TYPE</TYPENAME>
       <OPTIONAL/>
       <BYVALUE/>
       <DEFAULTVAL/>
       <STANDARD/>
       <CONSTANT/>
      </SFPIOPAR>
      <SFPIOPAR>
       <NAME>CBOX16</NAME>
       <TYPING>TYPE</TYPING>
       <TYPENAME>QISR_TAB_TYPE</TYPENAME>
       <OPTIONAL/>
       <BYVALUE/>
       <DEFAULTVAL/>
       <STANDARD/>
       <CONSTANT/>
      </SFPIOPAR>
      <SFPIOPAR>
       <NAME>CBOX17</NAME>
       <TYPING>TYPE</TYPING>
       <TYPENAME>QISR_TAB_TYPE</TYPENAME>
       <OPTIONAL/>
       <BYVALUE/>
       <DEFAULTVAL/>
       <STANDARD/>
       <CONSTANT/>
      </SFPIOPAR>
      <SFPIOPAR>
       <NAME>CBOX18</NAME>
       <TYPING>TYPE</TYPING>
       <TYPENAME>QISR_TAB_TYPE</TYPENAME>
       <OPTIONAL/>
       <BYVALUE/>
       <DEFAULTVAL/>
       <STANDARD/>
       <CONSTANT/>
      </SFPIOPAR>
      <SFPIOPAR>
       <NAME>CBOX19</NAME>
       <TYPING>TYPE</TYPING>
       <TYPENAME>QISR_TAB_TYPE</TYPENAME>
       <OPTIONAL/>
       <BYVALUE/>
       <DEFAULTVAL/>
       <STANDARD/>
       <CONSTANT/>
      </SFPIOPAR>
      <SFPIOPAR>
       <NAME>CBOX20</NAME>
       <TYPING>TYPE</TYPING>
       <TYPENAME>QISR_TAB_TYPE</TYPENAME>
       <OPTIONAL/>
       <BYVALUE/>
       <DEFAULTVAL/>
       <STANDARD/>
       <CONSTANT/>
      </SFPIOPAR>
      <SFPIOPAR>
       <NAME>CBOX21</NAME>
       <TYPING>TYPE</TYPING>
       <TYPENAME>QISR_TAB_TYPE</TYPENAME>
       <OPTIONAL/>
       <BYVALUE/>
       <DEFAULTVAL/>
       <STANDARD/>
       <CONSTANT/>
      </SFPIOPAR>
      <SFPIOPAR>
       <NAME>CBOX22</NAME>
       <TYPING>TYPE</TYPING>
       <TYPENAME>QISR_TAB_TYPE</TYPENAME>
       <OPTIONAL/>
       <BYVALUE/>
       <DEFAULTVAL/>
       <STANDARD/>
       <CONSTANT/>
      </SFPIOPAR>
      <SFPIOPAR>
       <NAME>CBOX23</NAME>
       <TYPING>TYPE</TYPING>
       <TYPENAME>QISR_TAB_TYPE</TYPENAME>
       <OPTIONAL/>
       <BYVALUE/>
       <DEFAULTVAL/>
       <STANDARD/>
       <CONSTANT/>
      </SFPIOPAR>
      <SFPIOPAR>
       <NAME>CBOX24</NAME>
       <TYPING>TYPE</TYPING>
       <TYPENAME>QISR_TAB_TYPE</TYPENAME>
       <OPTIONAL/>
       <BYVALUE/>
       <DEFAULTVAL/>
       <STANDARD/>
       <CONSTANT/>
      </SFPIOPAR>
      <SFPIOPAR>
       <NAME>CBOX25</NAME>
       <TYPING>TYPE</TYPING>
       <TYPENAME>QISR_TAB_TYPE</TYPENAME>
       <OPTIONAL/>
       <BYVALUE/>
       <DEFAULTVAL/>
       <STANDARD/>
       <CONSTANT/>
      </SFPIOPAR>
      <SFPIOPAR>
       <NAME>REQUEST_TYPE</NAME>
       <TYPING>TYPE</TYPING>
       <TYPENAME>QISR_TAB_TYPE</TYPENAME>
       <OPTIONAL/>
       <BYVALUE/>
       <DEFAULTVAL/>
       <STANDARD/>
       <CONSTANT/>
      </SFPIOPAR>
      <SFPIOPAR>
       <NAME>REASON</NAME>
       <TYPING>TYPE</TYPING>
       <TYPENAME>QISR_TAB_TYPE</TYPENAME>
       <OPTIONAL/>
       <BYVALUE/>
       <DEFAULTVAL/>
       <STANDARD/>
       <CONSTANT/>
      </SFPIOPAR>
      <SFPIOPAR>
       <NAME>NEW_XBILK</NAME>
       <TYPING>TYPE</TYPING>
       <TYPENAME>QISR_TAB_TYPE</TYPENAME>
       <OPTIONAL/>
       <BYVALUE/>
       <DEFAULTVAL/>
       <STANDARD/>
       <CONSTANT/>
      </SFPIOPAR>
      <SFPIOPAR>
       <NAME>NEW_LITEM_DISP</NAME>
       <TYPING>TYPE</TYPING>
       <TYPENAME>QISR_TAB_TYPE</TYPENAME>
       <OPTIONAL/>
       <BYVALUE/>
       <DEFAULTVAL/>
       <STANDARD/>
       <CONSTANT/>
      </SFPIOPAR>
      <SFPIOPAR>
       <NAME>REF_LITEM_DISP</NAME>
       <TYPING>TYPE</TYPING>
       <TYPENAME>QISR_TAB_TYPE</TYPENAME>
       <OPTIONAL/>
       <BYVALUE/>
       <DEFAULTVAL/>
       <STANDARD/>
       <CONSTANT/>
      </SFPIOPAR>
      <SFPIOPAR>
       <NAME>NEW_XBILK2</NAME>
       <TYPING>TYPE</TYPING>
       <TYPENAME>QISR_TAB_TYPE</TYPENAME>
       <OPTIONAL/>
       <BYVALUE/>
       <DEFAULTVAL/>
       <STANDARD/>
       <CONSTANT/>
      </SFPIOPAR>
      <SFPIOPAR>
       <NAME>NEW_GVTYP</NAME>
       <TYPING>TYPE</TYPING>
       <TYPENAME>QISR_TAB_TYPE</TYPENAME>
       <OPTIONAL/>
       <BYVALUE/>
       <DEFAULTVAL/>
       <STANDARD/>
       <CONSTANT/>
      </SFPIOPAR>
      <SFPIOPAR>
       <NAME>REF_ASSINFO</NAME>
       <TYPING>TYPE</TYPING>
       <TYPENAME>QISR_TAB_TYPE</TYPENAME>
       <OPTIONAL/>
       <BYVALUE/>
       <DEFAULTVAL/>
       <STANDARD/>
       <CONSTANT/>
      </SFPIOPAR>
      <SFPIOPAR>
       <NAME>NEW_ASSINFO</NAME>
       <TYPING>TYPE</TYPING>
       <TYPENAME>QISR_TAB_TYPE</TYPENAME>
       <OPTIONAL/>
       <BYVALUE/>
       <DEFAULTVAL/>
       <STANDARD/>
       <CONSTANT/>
      </SFPIOPAR>
      <SFPIOPAR>
       <NAME>NEW_GVTYP2</NAME>
       <TYPING>TYPE</TYPING>
       <TYPENAME>QISR_TAB_TYPE</TYPENAME>
       <OPTIONAL/>
       <BYVALUE/>
       <DEFAULTVAL/>
       <STANDARD/>
       <CONSTANT/>
      </SFPIOPAR>
      <SFPIOPAR>
       <NAME>REF_PLANLVL</NAME>
       <TYPING>TYPE</TYPING>
       <TYPENAME>QISR_TAB_TYPE</TYPENAME>
       <OPTIONAL/>
       <BYVALUE/>
       <DEFAULTVAL/>
       <STANDARD/>
       <CONSTANT/>
      </SFPIOPAR>
      <SFPIOPAR>
       <NAME>REF_CFLOW_RELV</NAME>
       <TYPING>TYPE</TYPING>
       <TYPENAME>QISR_TAB_TYPE</TYPENAME>
       <OPTIONAL/>
       <BYVALUE/>
       <DEFAULTVAL/>
       <STANDARD/>
       <CONSTANT/>
      </SFPIOPAR>
      <SFPIOPAR>
       <NAME>REF_PLANRELV</NAME>
       <TYPING>TYPE</TYPING>
       <TYPENAME>QISR_TAB_TYPE</TYPENAME>
       <OPTIONAL/>
       <BYVALUE/>
       <DEFAULTVAL/>
       <STANDARD/>
       <CONSTANT/>
      </SFPIOPAR>
      <SFPIOPAR>
       <NAME>NEW_PLANRELV</NAME>
       <TYPING>TYPE</TYPING>
       <TYPENAME>QISR_TAB_TYPE</TYPENAME>
       <OPTIONAL/>
       <BYVALUE/>
       <DEFAULTVAL/>
       <STANDARD/>
       <CONSTANT/>
      </SFPIOPAR>
      <SFPIOPAR>
       <NAME>NEW_CCODE_FIPEX</NAME>
       <TYPING>TYPE</TYPING>
       <TYPENAME>QISR_TAB_TYPE</TYPENAME>
       <OPTIONAL/>
       <BYVALUE/>
       <DEFAULTVAL/>
       <STANDARD/>
       <CONSTANT/>
      </SFPIOPAR>
      <SFPIOPAR>
       <NAME>REF_CCODE_FIPEX</NAME>
       <TYPING>TYPE</TYPING>
       <TYPENAME>QISR_TAB_TYPE</TYPENAME>
       <OPTIONAL/>
       <BYVALUE/>
       <DEFAULTVAL/>
       <STANDARD/>
       <CONSTANT/>
      </SFPIOPAR>
      <SFPIOPAR>
       <NAME>NEW_CFLOW_RELV</NAME>
       <TYPING>TYPE</TYPING>
       <TYPENAME>QISR_TAB_TYPE</TYPENAME>
       <OPTIONAL/>
       <BYVALUE/>
       <DEFAULTVAL/>
       <STANDARD/>
       <CONSTANT/>
      </SFPIOPAR>
      <SFPIOPAR>
       <NAME>NEW_PLANLVL</NAME>
       <TYPING>TYPE</TYPING>
       <TYPENAME>QISR_TAB_TYPE</TYPENAME>
       <OPTIONAL/>
       <BYVALUE/>
       <DEFAULTVAL/>
       <STANDARD/>
       <CONSTANT/>
      </SFPIOPAR>
      <SFPIOPAR>
       <NAME>NEW_CURR</NAME>
       <TYPING>TYPE</TYPING>
       <TYPENAME>QISR_TAB_TYPE</TYPENAME>
       <OPTIONAL/>
       <BYVALUE/>
       <DEFAULTVAL/>
       <STANDARD/>
       <CONSTANT/>
      </SFPIOPAR>
      <SFPIOPAR>
       <NAME>REF_FSTAG</NAME>
       <TYPING>TYPE</TYPING>
       <TYPENAME>QISR_TAB_TYPE</TYPENAME>
       <OPTIONAL/>
       <BYVALUE/>
       <DEFAULTVAL/>
       <STANDARD/>
       <CONSTANT/>
      </SFPIOPAR>
      <SFPIOPAR>
       <NAME>REF_AUTOPOST</NAME>
       <TYPING>TYPE</TYPING>
       <TYPENAME>QISR_TAB_TYPE</TYPENAME>
       <OPTIONAL/>
       <BYVALUE/>
       <DEFAULTVAL/>
       <STANDARD/>
       <CONSTANT/>
      </SFPIOPAR>
      <SFPIOPAR>
       <NAME>NEW_AUTOPOST</NAME>
       <TYPING>TYPE</TYPING>
       <TYPENAME>QISR_TAB_TYPE</TYPENAME>
       <OPTIONAL/>
       <BYVALUE/>
       <DEFAULTVAL/>
       <STANDARD/>
       <CONSTANT/>
      </SFPIOPAR>
      <SFPIOPAR>
       <NAME>NEW_FSTAG</NAME>
       <TYPING>TYPE</TYPING>
       <TYPENAME>QISR_TAB_TYPE</TYPENAME>
       <OPTIONAL/>
       <BYVALUE/>
       <DEFAULTVAL/>
       <STANDARD/>
       <CONSTANT/>
      </SFPIOPAR>
      <SFPIOPAR>
       <NAME>NEW_TAXCATEG</NAME>
       <TYPING>TYPE</TYPING>
       <TYPENAME>QISR_TAB_TYPE</TYPENAME>
       <OPTIONAL/>
       <BYVALUE/>
       <DEFAULTVAL/>
       <STANDARD/>
       <CONSTANT/>
      </SFPIOPAR>
      <SFPIOPAR>
       <NAME>NEW_ALTACCT</NAME>
       <TYPING>TYPE</TYPING>
       <TYPENAME>QISR_TAB_TYPE</TYPENAME>
       <OPTIONAL/>
       <BYVALUE/>
       <DEFAULTVAL/>
       <STANDARD/>
       <CONSTANT/>
      </SFPIOPAR>
      <SFPIOPAR>
       <NAME>REF_ALTACCT</NAME>
       <TYPING>TYPE</TYPING>
       <TYPENAME>QISR_TAB_TYPE</TYPENAME>
       <OPTIONAL/>
       <BYVALUE/>
       <DEFAULTVAL/>
       <STANDARD/>
       <CONSTANT/>
      </SFPIOPAR>
      <SFPIOPAR>
       <NAME>NEW_POSTNOTAX</NAME>
       <TYPING>TYPE</TYPING>
       <TYPENAME>QISR_TAB_TYPE</TYPENAME>
       <OPTIONAL/>
       <BYVALUE/>
       <DEFAULTVAL/>
       <STANDARD/>
       <CONSTANT/>
      </SFPIOPAR>
      <SFPIOPAR>
       <NAME>REF_POSTNOTAX</NAME>
       <TYPING>TYPE</TYPING>
       <TYPENAME>QISR_TAB_TYPE</TYPENAME>
       <OPTIONAL/>
       <BYVALUE/>
       <DEFAULTVAL/>
       <STANDARD/>
       <CONSTANT/>
      </SFPIOPAR>
      <SFPIOPAR>
       <NAME>REF_TAXCATEG</NAME>
       <TYPING>TYPE</TYPING>
       <TYPENAME>QISR_TAB_TYPE</TYPENAME>
       <OPTIONAL/>
       <BYVALUE/>
       <DEFAULTVAL/>
       <STANDARD/>
       <CONSTANT/>
      </SFPIOPAR>
      <SFPIOPAR>
       <NAME>REF_CURR</NAME>
       <TYPING>TYPE</TYPING>
       <TYPENAME>QISR_TAB_TYPE</TYPENAME>
       <OPTIONAL/>
       <BYVALUE/>
       <DEFAULTVAL/>
       <STANDARD/>
       <CONSTANT/>
      </SFPIOPAR>
      <SFPIOPAR>
       <NAME>REF_GVTYP</NAME>
       <TYPING>TYPE</TYPING>
       <TYPENAME>QISR_TAB_TYPE</TYPENAME>
       <OPTIONAL/>
       <BYVALUE/>
       <DEFAULTVAL/>
       <STANDARD/>
       <CONSTANT/>
      </SFPIOPAR>
      <SFPIOPAR>
       <NAME>REF_GVTYP2</NAME>
       <TYPING>TYPE</TYPING>
       <TYPENAME>QISR_TAB_TYPE</TYPENAME>
       <OPTIONAL/>
       <BYVALUE/>
       <DEFAULTVAL/>
       <STANDARD/>
       <CONSTANT/>
      </SFPIOPAR>
      <SFPIOPAR>
       <NAME>REF_XBILK</NAME>
       <TYPING>TYPE</TYPING>
       <TYPENAME>QISR_TAB_TYPE</TYPENAME>
       <OPTIONAL/>
       <BYVALUE/>
       <DEFAULTVAL/>
       <STANDARD/>
       <CONSTANT/>
      </SFPIOPAR>
      <SFPIOPAR>
       <NAME>REF_XBILK2</NAME>
       <TYPING>TYPE</TYPING>
       <TYPENAME>QISR_TAB_TYPE</TYPENAME>
       <OPTIONAL/>
       <BYVALUE/>
       <DEFAULTVAL/>
       <STANDARD/>
       <CONSTANT/>
      </SFPIOPAR>
      <SFPIOPAR>
       <NAME>NEW_KTOKS</NAME>
       <TYPING>TYPE</TYPING>
       <TYPENAME>QISR_TAB_TYPE</TYPENAME>
       <OPTIONAL/>
       <BYVALUE/>
       <DEFAULTVAL/>
       <STANDARD/>
       <CONSTANT/>
      </SFPIOPAR>
      <SFPIOPAR>
       <NAME>NEW_FM</NAME>
       <TYPING>TYPE</TYPING>
       <TYPENAME>QISR_TAB_TYPE</TYPENAME>
       <OPTIONAL/>
       <BYVALUE/>
       <DEFAULTVAL/>
       <STANDARD/>
       <CONSTANT/>
      </SFPIOPAR>
      <SFPIOPAR>
       <NAME>REF_FM</NAME>
       <TYPING>TYPE</TYPING>
       <TYPENAME>QISR_TAB_TYPE</TYPENAME>
       <OPTIONAL/>
       <BYVALUE/>
       <DEFAULTVAL/>
       <STANDARD/>
       <CONSTANT/>
      </SFPIOPAR>
      <SFPIOPAR>
       <NAME>NEW_KTOKS2</NAME>
       <TYPING>TYPE</TYPING>
       <TYPENAME>QISR_TAB_TYPE</TYPENAME>
       <OPTIONAL/>
       <BYVALUE/>
       <DEFAULTVAL/>
       <STANDARD/>
       <CONSTANT/>
      </SFPIOPAR>
      <SFPIOPAR>
       <NAME>REF_KTOKS</NAME>
       <TYPING>TYPE</TYPING>
       <TYPENAME>QISR_TAB_TYPE</TYPENAME>
       <OPTIONAL/>
       <BYVALUE/>
       <DEFAULTVAL/>
       <STANDARD/>
       <CONSTANT/>
      </SFPIOPAR>
      <SFPIOPAR>
       <NAME>REF_KTOKS2</NAME>
       <TYPING>TYPE</TYPING>
       <TYPENAME>QISR_TAB_TYPE</TYPENAME>
       <OPTIONAL/>
       <BYVALUE/>
       <DEFAULTVAL/>
       <STANDARD/>
       <CONSTANT/>
      </SFPIOPAR>
      <SFPIOPAR>
       <NAME>NEW_BILKT</NAME>
       <TYPING>TYPE</TYPING>
       <TYPENAME>QISR_TAB_TYPE</TYPENAME>
       <OPTIONAL/>
       <BYVALUE/>
       <DEFAULTVAL/>
       <STANDARD/>
       <CONSTANT/>
      </SFPIOPAR>
      <SFPIOPAR>
       <NAME>REF_BILKT</NAME>
       <TYPING>TYPE</TYPING>
       <TYPENAME>QISR_TAB_TYPE</TYPENAME>
       <OPTIONAL/>
       <BYVALUE/>
       <DEFAULTVAL/>
       <STANDARD/>
       <CONSTANT/>
      </SFPIOPAR>
      <SFPIOPAR>
       <NAME>NEW_GLACCT</NAME>
       <TYPING>TYPE</TYPING>
       <TYPENAME>QISR_TAB_TYPE</TYPENAME>
       <OPTIONAL/>
       <BYVALUE/>
       <DEFAULTVAL/>
       <STANDARD/>
       <CONSTANT/>
      </SFPIOPAR>
      <SFPIOPAR>
       <NAME>NEW_GLACCT2</NAME>
       <TYPING>TYPE</TYPING>
       <TYPENAME>QISR_TAB_TYPE</TYPENAME>
       <OPTIONAL/>
       <BYVALUE/>
       <DEFAULTVAL/>
       <STANDARD/>
       <CONSTANT/>
      </SFPIOPAR>
      <SFPIOPAR>
       <NAME>NEW_GLACCT4</NAME>
       <TYPING>TYPE</TYPING>
       <TYPENAME>QISR_TAB_TYPE</TYPENAME>
       <OPTIONAL/>
       <BYVALUE/>
       <DEFAULTVAL/>
       <STANDARD/>
       <CONSTANT/>
      </SFPIOPAR>
      <SFPIOPAR>
       <NAME>REF_GLACCT</NAME>
       <TYPING>TYPE</TYPING>
       <TYPENAME>QISR_TAB_TYPE</TYPENAME>
       <OPTIONAL/>
       <BYVALUE/>
       <DEFAULTVAL/>
       <STANDARD/>
       <CONSTANT/>
      </SFPIOPAR>
      <SFPIOPAR>
       <NAME>REF_GLACCT2</NAME>
       <TYPING>TYPE</TYPING>
       <TYPENAME>QISR_TAB_TYPE</TYPENAME>
       <OPTIONAL/>
       <BYVALUE/>
       <DEFAULTVAL/>
       <STANDARD/>
       <CONSTANT/>
      </SFPIOPAR>
      <SFPIOPAR>
       <NAME>REF_GLACCT4</NAME>
       <TYPING>TYPE</TYPING>
       <TYPENAME>QISR_TAB_TYPE</TYPENAME>
       <OPTIONAL/>
       <BYVALUE/>
       <DEFAULTVAL/>
       <STANDARD/>
       <CONSTANT/>
      </SFPIOPAR>
      <SFPIOPAR>
       <NAME>REF_COA2</NAME>
       <TYPING>TYPE</TYPING>
       <TYPENAME>QISR_TAB_TYPE</TYPENAME>
       <OPTIONAL/>
       <BYVALUE/>
       <DEFAULTVAL/>
       <STANDARD/>
       <CONSTANT/>
      </SFPIOPAR>
      <SFPIOPAR>
       <NAME>NEW_COA2</NAME>
       <TYPING>TYPE</TYPING>
       <TYPENAME>QISR_TAB_TYPE</TYPENAME>
       <OPTIONAL/>
       <BYVALUE/>
       <DEFAULTVAL/>
       <STANDARD/>
       <CONSTANT/>
      </SFPIOPAR>
      <SFPIOPAR>
       <NAME>NEW_TOES</NAME>
       <TYPING>TYPE</TYPING>
       <TYPENAME>QISR_TAB_TYPE</TYPENAME>
       <OPTIONAL/>
       <BYVALUE/>
       <DEFAULTVAL/>
       <STANDARD/>
       <CONSTANT/>
      </SFPIOPAR>
      <SFPIOPAR>
       <NAME>NEW_CFLOW</NAME>
       <TYPING>TYPE</TYPING>
       <TYPENAME>QISR_TAB_TYPE</TYPENAME>
       <OPTIONAL/>
       <BYVALUE/>
       <DEFAULTVAL/>
       <STANDARD/>
       <CONSTANT/>
      </SFPIOPAR>
      <SFPIOPAR>
       <NAME>REF_CFLOW</NAME>
       <TYPING>TYPE</TYPING>
       <TYPENAME>QISR_TAB_TYPE</TYPENAME>
       <OPTIONAL/>
       <BYVALUE/>
       <DEFAULTVAL/>
       <STANDARD/>
       <CONSTANT/>
      </SFPIOPAR>
      <SFPIOPAR>
       <NAME>NEW_FSTMT</NAME>
       <TYPING>TYPE</TYPING>
       <TYPENAME>QISR_TAB_TYPE</TYPENAME>
       <OPTIONAL/>
       <BYVALUE/>
       <DEFAULTVAL/>
       <STANDARD/>
       <CONSTANT/>
      </SFPIOPAR>
      <SFPIOPAR>
       <NAME>NEW_FSTMT_NOTE</NAME>
       <TYPING>TYPE</TYPING>
       <TYPENAME>QISR_TAB_TYPE</TYPENAME>
       <OPTIONAL/>
       <BYVALUE/>
       <DEFAULTVAL/>
       <STANDARD/>
       <CONSTANT/>
      </SFPIOPAR>
      <SFPIOPAR>
       <NAME>NEW_NCVER_DSC</NAME>
       <TYPING>TYPE</TYPING>
       <TYPENAME>QISR_TAB_TYPE</TYPENAME>
       <OPTIONAL/>
       <BYVALUE/>
       <DEFAULTVAL/>
       <STANDARD/>
       <CONSTANT/>
      </SFPIOPAR>
      <SFPIOPAR>
       <NAME>REF_NCVER_DSC</NAME>
       <TYPING>TYPE</TYPING>
       <TYPENAME>QISR_TAB_TYPE</TYPENAME>
       <OPTIONAL/>
       <BYVALUE/>
       <DEFAULTVAL/>
       <STANDARD/>
       <CONSTANT/>
      </SFPIOPAR>
      <SFPIOPAR>
       <NAME>NEW_NCVER_ACT</NAME>
       <TYPING>TYPE</TYPING>
       <TYPENAME>QISR_TAB_TYPE</TYPENAME>
       <OPTIONAL/>
       <BYVALUE/>
       <DEFAULTVAL/>
       <STANDARD/>
       <CONSTANT/>
      </SFPIOPAR>
      <SFPIOPAR>
       <NAME>NEW_NCVER_CFLO</NAME>
       <TYPING>TYPE</TYPING>
       <TYPENAME>QISR_TAB_TYPE</TYPENAME>
       <OPTIONAL/>
       <BYVALUE/>
       <DEFAULTVAL/>
       <STANDARD/>
       <CONSTANT/>
      </SFPIOPAR>
      <SFPIOPAR>
       <NAME>REF_NCVER_CFLO</NAME>
       <TYPING>TYPE</TYPING>
       <TYPENAME>QISR_TAB_TYPE</TYPENAME>
       <OPTIONAL/>
       <BYVALUE/>
       <DEFAULTVAL/>
       <STANDARD/>
       <CONSTANT/>
      </SFPIOPAR>
      <SFPIOPAR>
       <NAME>REF_NCVER_ACT</NAME>
       <TYPING>TYPE</TYPING>
       <TYPENAME>QISR_TAB_TYPE</TYPENAME>
       <OPTIONAL/>
       <BYVALUE/>
       <DEFAULTVAL/>
       <STANDARD/>
       <CONSTANT/>
      </SFPIOPAR>
      <SFPIOPAR>
       <NAME>REF_FSTMT_NOTE</NAME>
       <TYPING>TYPE</TYPING>
       <TYPENAME>QISR_TAB_TYPE</TYPENAME>
       <OPTIONAL/>
       <BYVALUE/>
       <DEFAULTVAL/>
       <STANDARD/>
       <CONSTANT/>
      </SFPIOPAR>
      <SFPIOPAR>
       <NAME>REF_FSTMT</NAME>
       <TYPING>TYPE</TYPING>
       <TYPENAME>QISR_TAB_TYPE</TYPENAME>
       <OPTIONAL/>
       <BYVALUE/>
       <DEFAULTVAL/>
       <STANDARD/>
       <CONSTANT/>
      </SFPIOPAR>
      <SFPIOPAR>
       <NAME>REF_TOES</NAME>
       <TYPING>TYPE</TYPING>
       <TYPENAME>QISR_TAB_TYPE</TYPENAME>
       <OPTIONAL/>
       <BYVALUE/>
       <DEFAULTVAL/>
       <STANDARD/>
       <CONSTANT/>
      </SFPIOPAR>
      <SFPIOPAR>
       <NAME>REF_GLCCODE</NAME>
       <TYPING>TYPE</TYPING>
       <TYPENAME>QISR_TAB_TYPE</TYPENAME>
       <OPTIONAL/>
       <BYVALUE/>
       <DEFAULTVAL/>
       <STANDARD/>
       <CONSTANT/>
      </SFPIOPAR>
      <SFPIOPAR>
       <NAME>NEW_BALLC</NAME>
       <TYPING>TYPE</TYPING>
       <TYPENAME>QISR_TAB_TYPE</TYPENAME>
       <OPTIONAL/>
       <BYVALUE/>
       <DEFAULTVAL/>
       <STANDARD/>
       <CONSTANT/>
      </SFPIOPAR>
      <SFPIOPAR>
       <NAME>REF_BALLC</NAME>
       <TYPING>TYPE</TYPING>
       <TYPENAME>QISR_TAB_TYPE</TYPENAME>
       <OPTIONAL/>
       <BYVALUE/>
       <DEFAULTVAL/>
       <STANDARD/>
       <CONSTANT/>
      </SFPIOPAR>
      <SFPIOPAR>
       <NAME>REF_FSVCOA</NAME>
       <TYPING>TYPE</TYPING>
       <TYPENAME>QISR_TAB_TYPE</TYPENAME>
       <OPTIONAL/>
       <BYVALUE/>
       <DEFAULTVAL/>
       <STANDARD/>
       <CONSTANT/>
      </SFPIOPAR>
      <SFPIOPAR>
       <NAME>REF_FSV</NAME>
       <TYPING>TYPE</TYPING>
       <TYPENAME>QISR_TAB_TYPE</TYPENAME>
       <OPTIONAL/>
       <BYVALUE/>
       <DEFAULTVAL/>
       <STANDARD/>
       <CONSTANT/>
      </SFPIOPAR>
      <SFPIOPAR>
       <NAME>REF_ALTFSV</NAME>
       <TYPING>TYPE</TYPING>
       <TYPENAME>QISR_TAB_TYPE</TYPENAME>
       <OPTIONAL/>
       <BYVALUE/>
       <DEFAULTVAL/>
       <STANDARD/>
       <CONSTANT/>
      </SFPIOPAR>
      <SFPIOPAR>
       <NAME>NEW_ALTFSV</NAME>
       <TYPING>TYPE</TYPING>
       <TYPENAME>QISR_TAB_TYPE</TYPENAME>
       <OPTIONAL/>
       <BYVALUE/>
       <DEFAULTVAL/>
       <STANDARD/>
       <CONSTANT/>
      </SFPIOPAR>
      <SFPIOPAR>
       <NAME>REF_ALTFSVHIER</NAME>
       <TYPING>TYPE</TYPING>
       <TYPENAME>QISR_TAB_TYPE</TYPENAME>
       <OPTIONAL/>
       <BYVALUE/>
       <DEFAULTVAL/>
       <STANDARD/>
       <CONSTANT/>
      </SFPIOPAR>
      <SFPIOPAR>
       <NAME>NEW_ALTFSVHIER</NAME>
       <TYPING>TYPE</TYPING>
       <TYPENAME>QISR_TAB_TYPE</TYPENAME>
       <OPTIONAL/>
       <BYVALUE/>
       <DEFAULTVAL/>
       <STANDARD/>
       <CONSTANT/>
      </SFPIOPAR>
      <SFPIOPAR>
       <NAME>NEW_FSVHIER</NAME>
       <TYPING>TYPE</TYPING>
       <TYPENAME>QISR_TAB_TYPE</TYPENAME>
       <OPTIONAL/>
       <BYVALUE/>
       <DEFAULTVAL/>
       <STANDARD/>
       <CONSTANT/>
      </SFPIOPAR>
      <SFPIOPAR>
       <NAME>REF_FSVHIER</NAME>
       <TYPING>TYPE</TYPING>
       <TYPENAME>QISR_TAB_TYPE</TYPENAME>
       <OPTIONAL/>
       <BYVALUE/>
       <DEFAULTVAL/>
       <STANDARD/>
       <CONSTANT/>
      </SFPIOPAR>
      <SFPIOPAR>
       <NAME>NEW_FSV</NAME>
       <TYPING>TYPE</TYPING>
       <TYPENAME>QISR_TAB_TYPE</TYPENAME>
       <OPTIONAL/>
       <BYVALUE/>
       <DEFAULTVAL/>
       <STANDARD/>
       <CONSTANT/>
      </SFPIOPAR>
      <SFPIOPAR>
       <NAME>NEW_FSVCOA</NAME>
       <TYPING>TYPE</TYPING>
       <TYPENAME>QISR_TAB_TYPE</TYPENAME>
       <OPTIONAL/>
       <BYVALUE/>
       <DEFAULTVAL/>
       <STANDARD/>
       <CONSTANT/>
      </SFPIOPAR>
      <SFPIOPAR>
       <NAME>NEW_GLFSV</NAME>
       <TYPING>TYPE</TYPING>
       <TYPENAME>QISR_TAB_TYPE</TYPENAME>
       <OPTIONAL/>
       <BYVALUE/>
       <DEFAULTVAL/>
       <STANDARD/>
       <CONSTANT/>
      </SFPIOPAR>
      <SFPIOPAR>
       <NAME>REF_GLFSV</NAME>
       <TYPING>TYPE</TYPING>
       <TYPENAME>QISR_TAB_TYPE</TYPENAME>
       <OPTIONAL/>
       <BYVALUE/>
       <DEFAULTVAL/>
       <STANDARD/>
       <CONSTANT/>
      </SFPIOPAR>
      <SFPIOPAR>
       <NAME>REF_COSTELEM</NAME>
       <TYPING>TYPE</TYPING>
       <TYPENAME>QISR_TAB_TYPE</TYPENAME>
       <OPTIONAL/>
       <BYVALUE/>
       <DEFAULTVAL/>
       <STANDARD/>
       <CONSTANT/>
      </SFPIOPAR>
      <SFPIOPAR>
       <NAME>REF_ACCTDEL</NAME>
       <TYPING>TYPE</TYPING>
       <TYPENAME>QISR_TAB_TYPE</TYPENAME>
       <OPTIONAL/>
       <BYVALUE/>
       <DEFAULTVAL/>
       <STANDARD/>
       <CONSTANT/>
      </SFPIOPAR>
      <SFPIOPAR>
       <NAME>REF_ACCTLOCK</NAME>
       <TYPING>TYPE</TYPING>
       <TYPENAME>QISR_TAB_TYPE</TYPENAME>
       <OPTIONAL/>
       <BYVALUE/>
       <DEFAULTVAL/>
       <STANDARD/>
       <CONSTANT/>
      </SFPIOPAR>
      <SFPIOPAR>
       <NAME>REF_COALOCK</NAME>
       <TYPING>TYPE</TYPING>
       <TYPENAME>QISR_TAB_TYPE</TYPENAME>
       <OPTIONAL/>
       <BYVALUE/>
       <DEFAULTVAL/>
       <STANDARD/>
       <CONSTANT/>
      </SFPIOPAR>
      <SFPIOPAR>
       <NAME>NEW_LOCK</NAME>
       <TYPING>TYPE</TYPING>
       <TYPENAME>QISR_TAB_TYPE</TYPENAME>
       <OPTIONAL/>
       <BYVALUE/>
       <DEFAULTVAL/>
       <STANDARD/>
       <CONSTANT/>
      </SFPIOPAR>
      <SFPIOPAR>
       <NAME>NEW_DEL</NAME>
       <TYPING>TYPE</TYPING>
       <TYPENAME>QISR_TAB_TYPE</TYPENAME>
       <OPTIONAL/>
       <BYVALUE/>
       <DEFAULTVAL/>
       <STANDARD/>
       <CONSTANT/>
      </SFPIOPAR>
      <SFPIOPAR>
       <NAME>REF_DEL</NAME>
       <TYPING>TYPE</TYPING>
       <TYPENAME>QISR_TAB_TYPE</TYPENAME>
       <OPTIONAL/>
       <BYVALUE/>
       <DEFAULTVAL/>
       <STANDARD/>
       <CONSTANT/>
      </SFPIOPAR>
      <SFPIOPAR>
       <NAME>REF_LOCK</NAME>
       <TYPING>TYPE</TYPING>
       <TYPENAME>QISR_TAB_TYPE</TYPENAME>
       <OPTIONAL/>
       <BYVALUE/>
       <DEFAULTVAL/>
       <STANDARD/>
       <CONSTANT/>
      </SFPIOPAR>
      <SFPIOPAR>
       <NAME>REF_COADEL</NAME>
       <TYPING>TYPE</TYPING>
       <TYPENAME>QISR_TAB_TYPE</TYPENAME>
       <OPTIONAL/>
       <BYVALUE/>
       <DEFAULTVAL/>
       <STANDARD/>
       <CONSTANT/>
      </SFPIOPAR>
      <SFPIOPAR>
       <NAME>NEW_COADEL</NAME>
       <TYPING>TYPE</TYPING>
       <TYPENAME>QISR_TAB_TYPE</TYPENAME>
       <OPTIONAL/>
       <BYVALUE/>
       <DEFAULTVAL/>
       <STANDARD/>
       <CONSTANT/>
      </SFPIOPAR>
      <SFPIOPAR>
       <NAME>NEW_COALOCK</NAME>
       <TYPING>TYPE</TYPING>
       <TYPENAME>QISR_TAB_TYPE</TYPENAME>
       <OPTIONAL/>
       <BYVALUE/>
       <DEFAULTVAL/>
       <STANDARD/>
       <CONSTANT/>
      </SFPIOPAR>
      <SFPIOPAR>
       <NAME>REF_CELEM_NAME</NAME>
       <TYPING>TYPE</TYPING>
       <TYPENAME>QISR_TAB_TYPE</TYPENAME>
       <OPTIONAL/>
       <BYVALUE/>
       <DEFAULTVAL/>
       <STANDARD/>
       <CONSTANT/>
      </SFPIOPAR>
      <SFPIOPAR>
       <NAME>REF_CELEM_DESC</NAME>
       <TYPING>TYPE</TYPING>
       <TYPENAME>QISR_TAB_TYPE</TYPENAME>
       <OPTIONAL/>
       <BYVALUE/>
       <DEFAULTVAL/>
       <STANDARD/>
       <CONSTANT/>
      </SFPIOPAR>
      <SFPIOPAR>
       <NAME>REF_CELEM_CATEG</NAME>
       <TYPING>TYPE</TYPING>
       <TYPENAME>QISR_TAB_TYPE</TYPENAME>
       <OPTIONAL/>
       <BYVALUE/>
       <DEFAULTVAL/>
       <STANDARD/>
       <CONSTANT/>
      </SFPIOPAR>
      <SFPIOPAR>
       <NAME>NEW_CELEM_CATEG</NAME>
       <TYPING>TYPE</TYPING>
       <TYPENAME>QISR_TAB_TYPE</TYPENAME>
       <OPTIONAL/>
       <BYVALUE/>
       <DEFAULTVAL/>
       <STANDARD/>
       <CONSTANT/>
      </SFPIOPAR>
      <SFPIOPAR>
       <NAME>NEW_CELEM_DESC</NAME>
       <TYPING>TYPE</TYPING>
       <TYPENAME>QISR_TAB_TYPE</TYPENAME>
       <OPTIONAL/>
       <BYVALUE/>
       <DEFAULTVAL/>
       <STANDARD/>
       <CONSTANT/>
      </SFPIOPAR>
      <SFPIOPAR>
       <NAME>NEW_CELEM_NAME</NAME>
       <TYPING>TYPE</TYPING>
       <TYPENAME>QISR_TAB_TYPE</TYPENAME>
       <OPTIONAL/>
       <BYVALUE/>
       <DEFAULTVAL/>
       <STANDARD/>
       <CONSTANT/>
      </SFPIOPAR>
      <SFPIOPAR>
       <NAME>REF_KOKRS</NAME>
       <TYPING>TYPE</TYPING>
       <TYPENAME>QISR_TAB_TYPE</TYPENAME>
       <OPTIONAL/>
       <BYVALUE/>
       <DEFAULTVAL/>
       <STANDARD/>
       <CONSTANT/>
      </SFPIOPAR>
      <SFPIOPAR>
       <NAME>NEW_KOKRS</NAME>
       <TYPING>TYPE</TYPING>
       <TYPENAME>QISR_TAB_TYPE</TYPENAME>
       <OPTIONAL/>
       <BYVALUE/>
       <DEFAULTVAL/>
       <STANDARD/>
       <CONSTANT/>
      </SFPIOPAR>
      <SFPIOPAR>
       <NAME>NEW_CLEM_ENDDA</NAME>
       <TYPING>TYPE</TYPING>
       <TYPENAME>QISR_TAB_TYPE_DATE</TYPENAME>
       <OPTIONAL/>
       <BYVALUE/>
       <DEFAULTVAL/>
       <STANDARD/>
       <CONSTANT/>
      </SFPIOPAR>
      <SFPIOPAR>
       <NAME>NEW_CLEM_BEGDA</NAME>
       <TYPING>TYPE</TYPING>
       <TYPENAME>QISR_TAB_TYPE_DATE</TYPENAME>
       <OPTIONAL/>
       <BYVALUE/>
       <DEFAULTVAL/>
       <STANDARD/>
       <CONSTANT/>
      </SFPIOPAR>
      <SFPIOPAR>
       <NAME>REF_CLEM_ENDDA</NAME>
       <TYPING>TYPE</TYPING>
       <TYPENAME>QISR_TAB_TYPE_DATE</TYPENAME>
       <OPTIONAL/>
       <BYVALUE/>
       <DEFAULTVAL/>
       <STANDARD/>
       <CONSTANT/>
      </SFPIOPAR>
      <SFPIOPAR>
       <NAME>REF_CLEM_BEGDA</NAME>
       <TYPING>TYPE</TYPING>
       <TYPENAME>QISR_TAB_TYPE_DATE</TYPENAME>
       <OPTIONAL/>
       <BYVALUE/>
       <DEFAULTVAL/>
       <STANDARD/>
       <CONSTANT/>
      </SFPIOPAR>
      <SFPIOPAR>
       <NAME>NEW_COSTELEM</NAME>
       <TYPING>TYPE</TYPING>
       <TYPENAME>QISR_TAB_TYPE</TYPENAME>
       <OPTIONAL/>
       <BYVALUE/>
       <DEFAULTVAL/>
       <STANDARD/>
       <CONSTANT/>
      </SFPIOPAR>
      <SFPIOPAR>
       <NAME>REF_PROP_NAME</NAME>
       <TYPING>TYPE</TYPING>
       <TYPENAME>QISR_TAB_TYPE</TYPENAME>
       <OPTIONAL/>
       <BYVALUE/>
       <DEFAULTVAL/>
       <STANDARD/>
       <CONSTANT/>
      </SFPIOPAR>
      <SFPIOPAR>
       <NAME>NEW_LONG_DESC</NAME>
       <TYPING>TYPE</TYPING>
       <TYPENAME>QISR_TAB_TYPE</TYPENAME>
       <OPTIONAL/>
       <BYVALUE/>
       <DEFAULTVAL/>
       <STANDARD/>
       <CONSTANT/>
      </SFPIOPAR>
      <SFPIOPAR>
       <NAME>NEW_LONG_DESC2</NAME>
       <TYPING>TYPE</TYPING>
       <TYPENAME>QISR_TAB_TYPE</TYPENAME>
       <OPTIONAL/>
       <BYVALUE/>
       <DEFAULTVAL/>
       <STANDARD/>
       <CONSTANT/>
      </SFPIOPAR>
      <SFPIOPAR>
       <NAME>REF_LONG_DESC</NAME>
       <TYPING>TYPE</TYPING>
       <TYPENAME>QISR_TAB_TYPE</TYPENAME>
       <OPTIONAL/>
       <BYVALUE/>
       <DEFAULTVAL/>
       <STANDARD/>
       <CONSTANT/>
      </SFPIOPAR>
      <SFPIOPAR>
       <NAME>REF_LONG_DESC2</NAME>
       <TYPING>TYPE</TYPING>
       <TYPENAME>QISR_TAB_TYPE</TYPENAME>
       <OPTIONAL/>
       <BYVALUE/>
       <DEFAULTVAL/>
       <STANDARD/>
       <CONSTANT/>
      </SFPIOPAR>
      <SFPIOPAR>
       <NAME>NEW_PROP_DESC2</NAME>
       <TYPING>TYPE</TYPING>
       <TYPENAME>QISR_TAB_TYPE</TYPENAME>
       <OPTIONAL/>
       <BYVALUE/>
       <DEFAULTVAL/>
       <STANDARD/>
       <CONSTANT/>
      </SFPIOPAR>
      <SFPIOPAR>
       <NAME>NEW_PROP_DESC</NAME>
       <TYPING>TYPE</TYPING>
       <TYPENAME>QISR_TAB_TYPE</TYPENAME>
       <OPTIONAL/>
       <BYVALUE/>
       <DEFAULTVAL/>
       <STANDARD/>
       <CONSTANT/>
      </SFPIOPAR>
      <SFPIOPAR>
       <NAME>REF_PROP_DESC</NAME>
       <TYPING>TYPE</TYPING>
       <TYPENAME>QISR_TAB_TYPE</TYPENAME>
       <OPTIONAL/>
       <BYVALUE/>
       <DEFAULTVAL/>
       <STANDARD/>
       <CONSTANT/>
      </SFPIOPAR>
      <SFPIOPAR>
       <NAME>REF_PROP_DESC2</NAME>
       <TYPING>TYPE</TYPING>
       <TYPENAME>QISR_TAB_TYPE</TYPENAME>
       <OPTIONAL/>
       <BYVALUE/>
       <DEFAULTVAL/>
       <STANDARD/>
       <CONSTANT/>
      </SFPIOPAR>
      <SFPIOPAR>
       <NAME>NEW_VALID_FROM</NAME>
       <TYPING>TYPE</TYPING>
       <TYPENAME>QISR_TAB_TYPE_DATE</TYPENAME>
       <OPTIONAL/>
       <BYVALUE/>
       <DEFAULTVAL/>
       <STANDARD/>
       <CONSTANT/>
      </SFPIOPAR>
      <SFPIOPAR>
       <NAME>REF_VALID_FROM</NAME>
       <TYPING>TYPE</TYPING>
       <TYPENAME>QISR_TAB_TYPE_DATE</TYPENAME>
       <OPTIONAL/>
       <BYVALUE/>
       <DEFAULTVAL/>
       <STANDARD/>
       <CONSTANT/>
      </SFPIOPAR>
      <SFPIOPAR>
       <NAME>NEW_VALID_TO</NAME>
       <TYPING>TYPE</TYPING>
       <TYPENAME>QISR_TAB_TYPE_DATE</TYPENAME>
       <OPTIONAL/>
       <BYVALUE/>
       <DEFAULTVAL/>
       <STANDARD/>
       <CONSTANT/>
      </SFPIOPAR>
      <SFPIOPAR>
       <NAME>REF_VALID_TO</NAME>
       <TYPING>TYPE</TYPING>
       <TYPENAME>QISR_TAB_TYPE_DATE</TYPENAME>
       <OPTIONAL/>
       <BYVALUE/>
       <DEFAULTVAL/>
       <STANDARD/>
       <CONSTANT/>
      </SFPIOPAR>
      <SFPIOPAR>
       <NAME>NEW_HIER_AREA</NAME>
       <TYPING>TYPE</TYPING>
       <TYPENAME>QISR_TAB_TYPE</TYPENAME>
       <OPTIONAL/>
       <BYVALUE/>
       <DEFAULTVAL/>
       <STANDARD/>
       <CONSTANT/>
      </SFPIOPAR>
      <SFPIOPAR>
       <NAME>REF_HIER_AREA</NAME>
       <TYPING>TYPE</TYPING>
       <TYPENAME>QISR_TAB_TYPE</TYPENAME>
       <OPTIONAL/>
       <BYVALUE/>
       <DEFAULTVAL/>
       <STANDARD/>
       <CONSTANT/>
      </SFPIOPAR>
      <SFPIOPAR>
       <NAME>NEW_COMP_CODE</NAME>
       <TYPING>TYPE</TYPING>
       <TYPENAME>QISR_TAB_TYPE</TYPENAME>
       <OPTIONAL/>
       <BYVALUE/>
       <DEFAULTVAL/>
       <STANDARD/>
       <CONSTANT/>
      </SFPIOPAR>
      <SFPIOPAR>
       <NAME>NEW_COMPCODE4</NAME>
       <TYPING>TYPE</TYPING>
       <TYPENAME>QISR_TAB_TYPE</TYPENAME>
       <OPTIONAL/>
       <BYVALUE/>
       <DEFAULTVAL/>
       <STANDARD/>
       <CONSTANT/>
      </SFPIOPAR>
      <SFPIOPAR>
       <NAME>REF_COMITEM</NAME>
       <TYPING>TYPE</TYPING>
       <TYPENAME>QISR_TAB_TYPE</TYPENAME>
       <OPTIONAL/>
       <BYVALUE/>
       <DEFAULTVAL/>
       <STANDARD/>
       <CONSTANT/>
      </SFPIOPAR>
      <SFPIOPAR>
       <NAME>REF_CITEM_NAME</NAME>
       <TYPING>TYPE</TYPING>
       <TYPENAME>QISR_TAB_TYPE</TYPENAME>
       <OPTIONAL/>
       <BYVALUE/>
       <DEFAULTVAL/>
       <STANDARD/>
       <CONSTANT/>
      </SFPIOPAR>
      <SFPIOPAR>
       <NAME>REF_CITEM_TRTYP</NAME>
       <TYPING>TYPE</TYPING>
       <TYPENAME>QISR_TAB_TYPE</TYPENAME>
       <OPTIONAL/>
       <BYVALUE/>
       <DEFAULTVAL/>
       <STANDARD/>
       <CONSTANT/>
      </SFPIOPAR>
      <SFPIOPAR>
       <NAME>REF_CITEM_ITCATEG</NAME>
       <TYPING>TYPE</TYPING>
       <TYPENAME>QISR_TAB_TYPE</TYPENAME>
       <OPTIONAL/>
       <BYVALUE/>
       <DEFAULTVAL/>
       <STANDARD/>
       <CONSTANT/>
      </SFPIOPAR>
      <SFPIOPAR>
       <NAME>REF_CITEM_SUP_ITCATEG</NAME>
       <TYPING>TYPE</TYPING>
       <TYPENAME>QISR_TAB_TYPE</TYPENAME>
       <OPTIONAL/>
       <BYVALUE/>
       <DEFAULTVAL/>
       <STANDARD/>
       <CONSTANT/>
      </SFPIOPAR>
      <SFPIOPAR>
       <NAME>NEW_CITEM_SUP_ITCATEG</NAME>
       <TYPING>TYPE</TYPING>
       <TYPENAME>QISR_TAB_TYPE</TYPENAME>
       <OPTIONAL/>
       <BYVALUE/>
       <DEFAULTVAL/>
       <STANDARD/>
       <CONSTANT/>
      </SFPIOPAR>
      <SFPIOPAR>
       <NAME>NEW_CITEM_ITCATEG</NAME>
       <TYPING>TYPE</TYPING>
       <TYPENAME>QISR_TAB_TYPE</TYPENAME>
       <OPTIONAL/>
       <BYVALUE/>
       <DEFAULTVAL/>
       <STANDARD/>
       <CONSTANT/>
      </SFPIOPAR>
      <SFPIOPAR>
       <NAME>NEW_CITEM_VARIANT</NAME>
       <TYPING>TYPE</TYPING>
       <TYPENAME>QISR_TAB_TYPE</TYPENAME>
       <OPTIONAL/>
       <BYVALUE/>
       <DEFAULTVAL/>
       <STANDARD/>
       <CONSTANT/>
      </SFPIOPAR>
      <SFPIOPAR>
       <NAME>REF_CITEM_VARIANT</NAME>
       <TYPING>TYPE</TYPING>
       <TYPENAME>QISR_TAB_TYPE</TYPENAME>
       <OPTIONAL/>
       <BYVALUE/>
       <DEFAULTVAL/>
       <STANDARD/>
       <CONSTANT/>
      </SFPIOPAR>
      <SFPIOPAR>
       <NAME>NEW_CITEM_TRTYP</NAME>
       <TYPING>TYPE</TYPING>
       <TYPENAME>QISR_TAB_TYPE</TYPENAME>
       <OPTIONAL/>
       <BYVALUE/>
       <DEFAULTVAL/>
       <STANDARD/>
       <CONSTANT/>
      </SFPIOPAR>
      <SFPIOPAR>
       <NAME>NEW_CITEM_POST</NAME>
       <TYPING>TYPE</TYPING>
       <TYPENAME>QISR_TAB_TYPE</TYPENAME>
       <OPTIONAL/>
       <BYVALUE/>
       <DEFAULTVAL/>
       <STANDARD/>
       <CONSTANT/>
      </SFPIOPAR>
      <SFPIOPAR>
       <NAME>REF_CITEM_POST</NAME>
       <TYPING>TYPE</TYPING>
       <TYPENAME>QISR_TAB_TYPE</TYPENAME>
       <OPTIONAL/>
       <BYVALUE/>
       <DEFAULTVAL/>
       <STANDARD/>
       <CONSTANT/>
      </SFPIOPAR>
      <SFPIOPAR>
       <NAME>NEW_CITEM_DESC</NAME>
       <TYPING>TYPE</TYPING>
       <TYPENAME>QISR_TAB_TYPE</TYPENAME>
       <OPTIONAL/>
       <BYVALUE/>
       <DEFAULTVAL/>
       <STANDARD/>
       <CONSTANT/>
      </SFPIOPAR>
      <SFPIOPAR>
       <NAME>REF_CITEM_DESC</NAME>
       <TYPING>TYPE</TYPING>
       <TYPENAME>QISR_TAB_TYPE</TYPENAME>
       <OPTIONAL/>
       <BYVALUE/>
       <DEFAULTVAL/>
       <STANDARD/>
       <CONSTANT/>
      </SFPIOPAR>
      <SFPIOPAR>
       <NAME>NEW_CITEM_NAME</NAME>
       <TYPING>TYPE</TYPING>
       <TYPENAME>QISR_TAB_TYPE</TYPENAME>
       <OPTIONAL/>
       <BYVALUE/>
       <DEFAULTVAL/>
       <STANDARD/>
       <CONSTANT/>
      </SFPIOPAR>
      <SFPIOPAR>
       <NAME>NEW_COMITEM</NAME>
       <TYPING>TYPE</TYPING>
       <TYPENAME>QISR_TAB_TYPE</TYPENAME>
       <OPTIONAL/>
       <BYVALUE/>
       <DEFAULTVAL/>
       <STANDARD/>
       <CONSTANT/>
      </SFPIOPAR>
      <SFPIOPAR>
       <NAME>REF_SORTKEY</NAME>
       <TYPING>TYPE</TYPING>
       <TYPENAME>QISR_TAB_TYPE</TYPENAME>
       <OPTIONAL/>
       <BYVALUE/>
       <DEFAULTVAL/>
       <STANDARD/>
       <CONSTANT/>
      </SFPIOPAR>
      <SFPIOPAR>
       <NAME>NEW_SORTKEY</NAME>
       <TYPING>TYPE</TYPING>
       <TYPENAME>QISR_TAB_TYPE</TYPENAME>
       <OPTIONAL/>
       <BYVALUE/>
       <DEFAULTVAL/>
       <STANDARD/>
       <CONSTANT/>
      </SFPIOPAR>
      <SFPIOPAR>
       <NAME>NEW_OPENITEM</NAME>
       <TYPING>TYPE</TYPING>
       <TYPENAME>QISR_TAB_TYPE</TYPENAME>
       <OPTIONAL/>
       <BYVALUE/>
       <DEFAULTVAL/>
       <STANDARD/>
       <CONSTANT/>
      </SFPIOPAR>
      <SFPIOPAR>
       <NAME>REF_OPENITEM</NAME>
       <TYPING>TYPE</TYPING>
       <TYPENAME>QISR_TAB_TYPE</TYPENAME>
       <OPTIONAL/>
       <BYVALUE/>
       <DEFAULTVAL/>
       <STANDARD/>
       <CONSTANT/>
      </SFPIOPAR>
      <SFPIOPAR>
       <NAME>REF_COMP_CODE</NAME>
       <TYPING>TYPE</TYPING>
       <TYPENAME>QISR_TAB_TYPE</TYPENAME>
       <OPTIONAL/>
       <BYVALUE/>
       <DEFAULTVAL/>
       <STANDARD/>
       <CONSTANT/>
      </SFPIOPAR>
      <SFPIOPAR>
       <NAME>REF_COMPCODE4</NAME>
       <TYPING>TYPE</TYPING>
       <TYPENAME>QISR_TAB_TYPE</TYPENAME>
       <OPTIONAL/>
       <BYVALUE/>
       <DEFAULTVAL/>
       <STANDARD/>
       <CONSTANT/>
      </SFPIOPAR>
      <SFPIOPAR>
       <NAME>NEW_ALT_HIER_GRP</NAME>
       <TYPING>TYPE</TYPING>
       <TYPENAME>QISR_TAB_TYPE</TYPENAME>
       <OPTIONAL/>
       <BYVALUE/>
       <DEFAULTVAL/>
       <STANDARD/>
       <CONSTANT/>
      </SFPIOPAR>
      <SFPIOPAR>
       <NAME>REF_ALT_HIER_GRP</NAME>
       <TYPING>TYPE</TYPING>
       <TYPENAME>QISR_TAB_TYPE</TYPENAME>
       <OPTIONAL/>
       <BYVALUE/>
       <DEFAULTVAL/>
       <STANDARD/>
       <CONSTANT/>
      </SFPIOPAR>
      <SFPIOPAR>
       <NAME>REF_COA</NAME>
       <TYPING>TYPE</TYPING>
       <TYPENAME>QISR_TAB_TYPE</TYPENAME>
       <OPTIONAL/>
       <BYVALUE/>
       <DEFAULTVAL/>
       <STANDARD/>
       <CONSTANT/>
      </SFPIOPAR>
      <SFPIOPAR>
       <NAME>NEW_COA</NAME>
       <TYPING>TYPE</TYPING>
       <TYPENAME>QISR_TAB_TYPE</TYPENAME>
       <OPTIONAL/>
       <BYVALUE/>
       <DEFAULTVAL/>
       <STANDARD/>
       <CONSTANT/>
      </SFPIOPAR>
      <SFPIOPAR>
       <NAME>DRAFT</NAME>
       <TYPING>TYPE</TYPING>
       <TYPENAME>QISR_TAB_TYPE</TYPENAME>
       <OPTIONAL/>
       <BYVALUE/>
       <DEFAULTVAL/>
       <STANDARD/>
       <CONSTANT/>
      </SFPIOPAR>
      <SFPIOPAR>
       <NAME>ATTACH</NAME>
       <TYPING>TYPE</TYPING>
       <TYPENAME>QISR_TAB_TYPE</TYPENAME>
       <OPTIONAL/>
       <BYVALUE/>
       <DEFAULTVAL/>
       <STANDARD/>
       <CONSTANT/>
      </SFPIOPAR>
      <SFPIOPAR>
       <NAME>POS_INDICATOR</NAME>
       <TYPING>TYPE</TYPING>
       <TYPENAME>QISR_TAB_TYPE</TYPENAME>
       <OPTIONAL/>
       <BYVALUE/>
       <DEFAULTVAL/>
       <STANDARD/>
       <CONSTANT/>
      </SFPIOPAR>
      <SFPIOPAR>
       <NAME>POSITION_NAME</NAME>
       <TYPING>TYPE</TYPING>
       <TYPENAME>QISR_TAB_TYPE</TYPENAME>
       <OPTIONAL/>
       <BYVALUE/>
       <DEFAULTVAL/>
       <STANDARD/>
       <CONSTANT/>
      </SFPIOPAR>
      <SFPIOPAR>
       <NAME>CONTACT_PHONE</NAME>
       <TYPING>TYPE</TYPING>
       <TYPENAME>QISR_TAB_TYPE</TYPENAME>
       <OPTIONAL/>
       <BYVALUE/>
       <DEFAULTVAL/>
       <STANDARD/>
       <CONSTANT/>
      </SFPIOPAR>
      <SFPIOPAR>
       <NAME>REF_ACTUAL_PRIMARY_POST</NAME>
       <TYPING>TYPE</TYPING>
       <TYPENAME>QISR_TAB_TYPE</TYPENAME>
       <OPTIONAL/>
       <BYVALUE/>
       <DEFAULTVAL/>
       <STANDARD/>
       <CONSTANT/>
      </SFPIOPAR>
      <SFPIOPAR>
       <NAME>FORM_SCENARIO_STAGE</NAME>
       <TYPING>TYPE</TYPING>
       <TYPENAME>QISR_TAB_TYPE</TYPENAME>
       <OPTIONAL/>
       <BYVALUE/>
       <DEFAULTVAL/>
       <STANDARD/>
       <CONSTANT/>
      </SFPIOPAR>
      <SFPIOPAR>
       <NAME>POSITION_DESC</NAME>
       <TYPING>TYPE</TYPING>
       <TYPENAME>QISR_TAB_TYPE</TYPENAME>
       <OPTIONAL/>
       <BYVALUE/>
       <DEFAULTVAL/>
       <STANDARD/>
       <CONSTANT/>
      </SFPIOPAR>
      <SFPIOPAR>
       <NAME>POS_FLAG</NAME>
       <TYPING>TYPE</TYPING>
       <TYPENAME>QISR_TAB_TYPE</TYPENAME>
       <OPTIONAL/>
       <BYVALUE/>
       <DEFAULTVAL/>
       <STANDARD/>
       <CONSTANT/>
      </SFPIOPAR>
      <SFPIOPAR>
       <NAME>REJ_COMMENTS</NAME>
       <TYPING>TYPE</TYPING>
       <TYPENAME>QISR_TAB_TYPE</TYPENAME>
       <OPTIONAL/>
       <BYVALUE/>
       <DEFAULTVAL/>
       <STANDARD/>
       <CONSTANT/>
      </SFPIOPAR>
     </IMPORT_PARAMETERS>
     <EXPORT_PARAMETERS/>
     <TABLE_PARAMETERS/>
     <EXCEPTIONS/>
    </CL_FP_PARAMETERS>
   </cls:CL_FP_PARAMETERS>
   <cls:CL_FP_CODING id="o5">
    <CL_FP_INTERFACE_DATA_CHANGED classVersion="1">
     <INTERFACE_DATA href="#o1"/>
    </CL_FP_INTERFACE_DATA_CHANGED>
    <CL_FP_CODING classVersion="1">
     <INPUT_PARAMETERS/>
     <OUTPUT_PARAMETERS/>
     <INITIALIZATION/>
     <FORMS/>
    </CL_FP_CODING>
   </cls:CL_FP_CODING>
  </asx:heap>
 </asx:abap>
</abapGit>
