﻿<?xml version="1.0" encoding="utf-8"?>
<abapGit version="v1.0.0" serializer="LCL_OBJECT_TABL" serializer_version="v1.0.0">
 <asx:abap xmlns:asx="http://www.sap.com/abapxml" version="1.0">
  <asx:values>
   <DD02V>
    <TABNAME>ZBAPI_S_COA_DATA</TABNAME>
    <DDLANGUAGE>E</DDLANGUAGE>
    <TABCLASS>INTTAB</TABCLASS>
    <DDTEXT>G/L Account Master Record: Chart of Accounts - Data</DDTEXT>
    <MASTERLANG>D</MASTERLANG>
    <EXCLASS>2</EXCLASS>
   </DD02V>
   <DD03P_TABLE>
    <DD03P>
     <TABNAME>ZBAPI_S_COA_DATA</TABNAME>
     <FIELDNAME>KTOKS</FIELDNAME>
     <POSITION>0001</POSITION>
     <ROLLNAME>KTOKS</ROLLNAME>
     <ADMINFIELD>0</ADMINFIELD>
     <COMPTYPE>E</COMPTYPE>
    </DD03P>
    <DD03P>
     <TABNAME>ZBAPI_S_COA_DATA</TABNAME>
     <FIELDNAME>XBILK</FIELDNAME>
     <POSITION>0002</POSITION>
     <ROLLNAME>XBILK</ROLLNAME>
     <ADMINFIELD>0</ADMINFIELD>
     <VALEXI>X</VALEXI>
     <SHLPORIGIN>F</SHLPORIGIN>
     <COMPTYPE>E</COMPTYPE>
    </DD03P>
    <DD03P>
     <TABNAME>ZBAPI_S_COA_DATA</TABNAME>
     <FIELDNAME>GVTYP</FIELDNAME>
     <POSITION>0003</POSITION>
     <ROLLNAME>GVTYP</ROLLNAME>
     <ADMINFIELD>0</ADMINFIELD>
     <COMPTYPE>E</COMPTYPE>
    </DD03P>
    <DD03P>
     <TABNAME>ZBAPI_S_COA_DATA</TABNAME>
     <FIELDNAME>FUNC_AREA</FIELDNAME>
     <POSITION>0004</POSITION>
     <ROLLNAME>FKBER</ROLLNAME>
     <ADMINFIELD>0</ADMINFIELD>
     <COMPTYPE>E</COMPTYPE>
    </DD03P>
    <DD03P>
     <TABNAME>ZBAPI_S_COA_DATA</TABNAME>
     <FIELDNAME>MUSTR</FIELDNAME>
     <POSITION>0005</POSITION>
     <ROLLNAME>MUSTR</ROLLNAME>
     <ADMINFIELD>0</ADMINFIELD>
     <COMPTYPE>E</COMPTYPE>
    </DD03P>
    <DD03P>
     <TABNAME>ZBAPI_S_COA_DATA</TABNAME>
     <FIELDNAME>VBUND</FIELDNAME>
     <POSITION>0006</POSITION>
     <ROLLNAME>RASSC</ROLLNAME>
     <ADMINFIELD>0</ADMINFIELD>
     <COMPTYPE>E</COMPTYPE>
    </DD03P>
    <DD03P>
     <TABNAME>ZBAPI_S_COA_DATA</TABNAME>
     <FIELDNAME>BILKT</FIELDNAME>
     <POSITION>0007</POSITION>
     <ROLLNAME>BILKT</ROLLNAME>
     <ADMINFIELD>0</ADMINFIELD>
     <COMPTYPE>E</COMPTYPE>
    </DD03P>
    <DD03P>
     <TABNAME>ZBAPI_S_COA_DATA</TABNAME>
     <FIELDNAME>XLOEV</FIELDNAME>
     <POSITION>0008</POSITION>
     <ROLLNAME>XLOEV</ROLLNAME>
     <ADMINFIELD>0</ADMINFIELD>
     <VALEXI>X</VALEXI>
     <SHLPORIGIN>F</SHLPORIGIN>
     <COMPTYPE>E</COMPTYPE>
    </DD03P>
    <DD03P>
     <TABNAME>ZBAPI_S_COA_DATA</TABNAME>
     <FIELDNAME>XSPEA</FIELDNAME>
     <POSITION>0009</POSITION>
     <ROLLNAME>XSPEA</ROLLNAME>
     <ADMINFIELD>0</ADMINFIELD>
     <VALEXI>X</VALEXI>
     <SHLPORIGIN>F</SHLPORIGIN>
     <COMPTYPE>E</COMPTYPE>
    </DD03P>
    <DD03P>
     <TABNAME>ZBAPI_S_COA_DATA</TABNAME>
     <FIELDNAME>XSPEB</FIELDNAME>
     <POSITION>0010</POSITION>
     <ROLLNAME>XSPEB</ROLLNAME>
     <ADMINFIELD>0</ADMINFIELD>
     <VALEXI>X</VALEXI>
     <SHLPORIGIN>F</SHLPORIGIN>
     <COMPTYPE>E</COMPTYPE>
    </DD03P>
    <DD03P>
     <TABNAME>ZBAPI_S_COA_DATA</TABNAME>
     <FIELDNAME>XSPEP</FIELDNAME>
     <POSITION>0011</POSITION>
     <ROLLNAME>XSPEP</ROLLNAME>
     <ADMINFIELD>0</ADMINFIELD>
     <VALEXI>X</VALEXI>
     <SHLPORIGIN>F</SHLPORIGIN>
     <COMPTYPE>E</COMPTYPE>
    </DD03P>
    <DD03P>
     <TABNAME>ZBAPI_S_COA_DATA</TABNAME>
     <FIELDNAME>ZZ_TOES_ACCT</FIELDNAME>
     <POSITION>0012</POSITION>
     <ROLLNAME>ZFI_TOES_ACCT</ROLLNAME>
     <ADMINFIELD>0</ADMINFIELD>
     <COMPTYPE>E</COMPTYPE>
    </DD03P>
    <DD03P>
     <TABNAME>ZBAPI_S_COA_DATA</TABNAME>
     <FIELDNAME>ZZ_FINSTAT_CODE</FIELDNAME>
     <POSITION>0013</POSITION>
     <ROLLNAME>ZFI_FINSTAT_CODE</ROLLNAME>
     <ADMINFIELD>0</ADMINFIELD>
     <COMPTYPE>E</COMPTYPE>
    </DD03P>
    <DD03P>
     <TABNAME>ZBAPI_S_COA_DATA</TABNAME>
     <FIELDNAME>ZZ_FINSTAT_NOTE</FIELDNAME>
     <POSITION>0014</POSITION>
     <ROLLNAME>ZFI_FINSTAT_NOTE</ROLLNAME>
     <ADMINFIELD>0</ADMINFIELD>
     <COMPTYPE>E</COMPTYPE>
    </DD03P>
    <DD03P>
     <TABNAME>ZBAPI_S_COA_DATA</TABNAME>
     <FIELDNAME>ZZ_CF_CLASSF</FIELDNAME>
     <POSITION>0015</POSITION>
     <ROLLNAME>ZFI_CF_CLASSF</ROLLNAME>
     <ADMINFIELD>0</ADMINFIELD>
     <COMPTYPE>E</COMPTYPE>
    </DD03P>
    <DD03P>
     <TABNAME>ZBAPI_S_COA_DATA</TABNAME>
     <FIELDNAME>ZZ_FS_DSCLSR</FIELDNAME>
     <POSITION>0016</POSITION>
     <ROLLNAME>ZFI_FS_DSCLSR</ROLLNAME>
     <ADMINFIELD>0</ADMINFIELD>
     <COMPTYPE>E</COMPTYPE>
    </DD03P>
    <DD03P>
     <TABNAME>ZBAPI_S_COA_DATA</TABNAME>
     <FIELDNAME>ZZ_ACTVT_CODE</FIELDNAME>
     <POSITION>0017</POSITION>
     <ROLLNAME>ZFI_ACTVT_CODE</ROLLNAME>
     <ADMINFIELD>0</ADMINFIELD>
     <COMPTYPE>E</COMPTYPE>
    </DD03P>
    <DD03P>
     <TABNAME>ZBAPI_S_COA_DATA</TABNAME>
     <FIELDNAME>ZZ_CFLO_CODE</FIELDNAME>
     <POSITION>0018</POSITION>
     <ROLLNAME>ZFI_CFLO_CODE</ROLLNAME>
     <ADMINFIELD>0</ADMINFIELD>
     <COMPTYPE>E</COMPTYPE>
    </DD03P>
   </DD03P_TABLE>
   <I18N_LANGS>
    <LANGU>D</LANGU>
   </I18N_LANGS>
   <DD02_TEXTS>
    <item>
     <DDLANGUAGE>D</DDLANGUAGE>
     <DDTEXT>Sachkontenstamm: Kontenplan - Daten</DDTEXT>
    </item>
   </DD02_TEXTS>
  </asx:values>
 </asx:abap>
</abapGit>
