﻿<?xml version="1.0" encoding="utf-8"?>
<abapGit version="v1.0.0" serializer="LCL_OBJECT_TABL" serializer_version="v1.0.0">
 <asx:abap xmlns:asx="http://www.sap.com/abapxml" version="1.0">
  <asx:values>
   <DD02V>
    <TABNAME>ZBAPI_S_CCODE_DATA</TABNAME>
    <DDLANGUAGE>E</DDLANGUAGE>
    <TABCLASS>INTTAB</TABCLASS>
    <DDTEXT>G/L Account Master Record: Company Code - Data</DDTEXT>
    <EXCLASS>3</EXCLASS>
   </DD02V>
   <DD03P_TABLE>
    <DD03P>
     <TABNAME>ZBAPI_S_CCODE_DATA</TABNAME>
     <FIELDNAME>WAERS</FIELDNAME>
     <POSITION>0001</POSITION>
     <ROLLNAME>WAERS_SKB1</ROLLNAME>
     <ADMINFIELD>0</ADMINFIELD>
     <COMPTYPE>E</COMPTYPE>
    </DD03P>
    <DD03P>
     <TABNAME>ZBAPI_S_CCODE_DATA</TABNAME>
     <FIELDNAME>XSALH</FIELDNAME>
     <POSITION>0002</POSITION>
     <ROLLNAME>XSALH</ROLLNAME>
     <ADMINFIELD>0</ADMINFIELD>
     <VALEXI>X</VALEXI>
     <SHLPORIGIN>F</SHLPORIGIN>
     <COMPTYPE>E</COMPTYPE>
    </DD03P>
    <DD03P>
     <TABNAME>ZBAPI_S_CCODE_DATA</TABNAME>
     <FIELDNAME>KDFSL</FIELDNAME>
     <POSITION>0003</POSITION>
     <ROLLNAME>KDFSL</ROLLNAME>
     <ADMINFIELD>0</ADMINFIELD>
     <COMPTYPE>E</COMPTYPE>
    </DD03P>
    <DD03P>
     <TABNAME>ZBAPI_S_CCODE_DATA</TABNAME>
     <FIELDNAME>BEWGP</FIELDNAME>
     <POSITION>0004</POSITION>
     <ROLLNAME>BEWGP</ROLLNAME>
     <ADMINFIELD>0</ADMINFIELD>
     <COMPTYPE>E</COMPTYPE>
    </DD03P>
    <DD03P>
     <TABNAME>ZBAPI_S_CCODE_DATA</TABNAME>
     <FIELDNAME>MWSKZ</FIELDNAME>
     <POSITION>0005</POSITION>
     <ROLLNAME>SMWSK</ROLLNAME>
     <ADMINFIELD>0</ADMINFIELD>
     <COMPTYPE>E</COMPTYPE>
    </DD03P>
    <DD03P>
     <TABNAME>ZBAPI_S_CCODE_DATA</TABNAME>
     <FIELDNAME>XMWNO</FIELDNAME>
     <POSITION>0006</POSITION>
     <ROLLNAME>XMWNO</ROLLNAME>
     <ADMINFIELD>0</ADMINFIELD>
     <VALEXI>X</VALEXI>
     <SHLPORIGIN>F</SHLPORIGIN>
     <COMPTYPE>E</COMPTYPE>
    </DD03P>
    <DD03P>
     <TABNAME>ZBAPI_S_CCODE_DATA</TABNAME>
     <FIELDNAME>MITKZ</FIELDNAME>
     <POSITION>0007</POSITION>
     <ROLLNAME>MITKZ</ROLLNAME>
     <ADMINFIELD>0</ADMINFIELD>
     <VALEXI>X</VALEXI>
     <SHLPORIGIN>F</SHLPORIGIN>
     <COMPTYPE>E</COMPTYPE>
    </DD03P>
    <DD03P>
     <TABNAME>ZBAPI_S_CCODE_DATA</TABNAME>
     <FIELDNAME>ALTKT</FIELDNAME>
     <POSITION>0008</POSITION>
     <ROLLNAME>ALTKT_SKB1</ROLLNAME>
     <ADMINFIELD>0</ADMINFIELD>
     <COMPTYPE>E</COMPTYPE>
    </DD03P>
    <DD03P>
     <TABNAME>ZBAPI_S_CCODE_DATA</TABNAME>
     <FIELDNAME>WMETH</FIELDNAME>
     <POSITION>0009</POSITION>
     <ROLLNAME>WMETH</ROLLNAME>
     <ADMINFIELD>0</ADMINFIELD>
     <VALEXI>X</VALEXI>
     <SHLPORIGIN>F</SHLPORIGIN>
     <COMPTYPE>E</COMPTYPE>
    </DD03P>
    <DD03P>
     <TABNAME>ZBAPI_S_CCODE_DATA</TABNAME>
     <FIELDNAME>INFKY</FIELDNAME>
     <POSITION>0010</POSITION>
     <ROLLNAME>J_1AIFSKS</ROLLNAME>
     <ADMINFIELD>0</ADMINFIELD>
     <COMPTYPE>E</COMPTYPE>
    </DD03P>
    <DD03P>
     <TABNAME>ZBAPI_S_CCODE_DATA</TABNAME>
     <FIELDNAME>TOGRU</FIELDNAME>
     <POSITION>0011</POSITION>
     <ROLLNAME>TOGRU_S</ROLLNAME>
     <ADMINFIELD>0</ADMINFIELD>
     <COMPTYPE>E</COMPTYPE>
    </DD03P>
    <DD03P>
     <TABNAME>ZBAPI_S_CCODE_DATA</TABNAME>
     <FIELDNAME>XOPVW</FIELDNAME>
     <POSITION>0012</POSITION>
     <ROLLNAME>XOPVW</ROLLNAME>
     <ADMINFIELD>0</ADMINFIELD>
     <VALEXI>X</VALEXI>
     <SHLPORIGIN>F</SHLPORIGIN>
     <COMPTYPE>E</COMPTYPE>
    </DD03P>
    <DD03P>
     <TABNAME>ZBAPI_S_CCODE_DATA</TABNAME>
     <FIELDNAME>XKRES</FIELDNAME>
     <POSITION>0013</POSITION>
     <ROLLNAME>XKRES</ROLLNAME>
     <ADMINFIELD>0</ADMINFIELD>
     <VALEXI>X</VALEXI>
     <SHLPORIGIN>F</SHLPORIGIN>
     <COMPTYPE>E</COMPTYPE>
    </DD03P>
    <DD03P>
     <TABNAME>ZBAPI_S_CCODE_DATA</TABNAME>
     <FIELDNAME>ZUAWA</FIELDNAME>
     <POSITION>0014</POSITION>
     <ROLLNAME>DZUAWA</ROLLNAME>
     <ADMINFIELD>0</ADMINFIELD>
     <COMPTYPE>E</COMPTYPE>
    </DD03P>
    <DD03P>
     <TABNAME>ZBAPI_S_CCODE_DATA</TABNAME>
     <FIELDNAME>BEGRU</FIELDNAME>
     <POSITION>0015</POSITION>
     <ROLLNAME>BRGRU</ROLLNAME>
     <ADMINFIELD>0</ADMINFIELD>
     <COMPTYPE>E</COMPTYPE>
    </DD03P>
    <DD03P>
     <TABNAME>ZBAPI_S_CCODE_DATA</TABNAME>
     <FIELDNAME>BUSAB</FIELDNAME>
     <POSITION>0016</POSITION>
     <ROLLNAME>BUSAB</ROLLNAME>
     <ADMINFIELD>0</ADMINFIELD>
     <COMPTYPE>E</COMPTYPE>
    </DD03P>
    <DD03P>
     <TABNAME>ZBAPI_S_CCODE_DATA</TABNAME>
     <FIELDNAME>FSTAG</FIELDNAME>
     <POSITION>0017</POSITION>
     <ROLLNAME>FSTAG</ROLLNAME>
     <ADMINFIELD>0</ADMINFIELD>
     <COMPTYPE>E</COMPTYPE>
    </DD03P>
    <DD03P>
     <TABNAME>ZBAPI_S_CCODE_DATA</TABNAME>
     <FIELDNAME>XINTB</FIELDNAME>
     <POSITION>0018</POSITION>
     <ROLLNAME>XINTB</ROLLNAME>
     <ADMINFIELD>0</ADMINFIELD>
     <VALEXI>X</VALEXI>
     <SHLPORIGIN>F</SHLPORIGIN>
     <COMPTYPE>E</COMPTYPE>
    </DD03P>
    <DD03P>
     <TABNAME>ZBAPI_S_CCODE_DATA</TABNAME>
     <FIELDNAME>XNKON</FIELDNAME>
     <POSITION>0019</POSITION>
     <ROLLNAME>XNKON</ROLLNAME>
     <ADMINFIELD>0</ADMINFIELD>
     <VALEXI>X</VALEXI>
     <SHLPORIGIN>F</SHLPORIGIN>
     <COMPTYPE>E</COMPTYPE>
    </DD03P>
    <DD03P>
     <TABNAME>ZBAPI_S_CCODE_DATA</TABNAME>
     <FIELDNAME>XMITK</FIELDNAME>
     <POSITION>0020</POSITION>
     <ROLLNAME>XMITK</ROLLNAME>
     <ADMINFIELD>0</ADMINFIELD>
     <VALEXI>X</VALEXI>
     <SHLPORIGIN>F</SHLPORIGIN>
     <COMPTYPE>E</COMPTYPE>
    </DD03P>
    <DD03P>
     <TABNAME>ZBAPI_S_CCODE_DATA</TABNAME>
     <FIELDNAME>FDLEV</FIELDNAME>
     <POSITION>0021</POSITION>
     <ROLLNAME>FDLEV</ROLLNAME>
     <ADMINFIELD>0</ADMINFIELD>
     <COMPTYPE>E</COMPTYPE>
    </DD03P>
    <DD03P>
     <TABNAME>ZBAPI_S_CCODE_DATA</TABNAME>
     <FIELDNAME>XGKON</FIELDNAME>
     <POSITION>0022</POSITION>
     <ROLLNAME>XGKON</ROLLNAME>
     <ADMINFIELD>0</ADMINFIELD>
     <VALEXI>X</VALEXI>
     <SHLPORIGIN>F</SHLPORIGIN>
     <COMPTYPE>E</COMPTYPE>
    </DD03P>
    <DD03P>
     <TABNAME>ZBAPI_S_CCODE_DATA</TABNAME>
     <FIELDNAME>FIPOS</FIELDNAME>
     <POSITION>0023</POSITION>
     <ROLLNAME>FIPOS</ROLLNAME>
     <ADMINFIELD>0</ADMINFIELD>
     <COMPTYPE>E</COMPTYPE>
    </DD03P>
    <DD03P>
     <TABNAME>ZBAPI_S_CCODE_DATA</TABNAME>
     <FIELDNAME>HBKID</FIELDNAME>
     <POSITION>0024</POSITION>
     <ROLLNAME>HBKID</ROLLNAME>
     <ADMINFIELD>0</ADMINFIELD>
     <COMPTYPE>E</COMPTYPE>
    </DD03P>
    <DD03P>
     <TABNAME>ZBAPI_S_CCODE_DATA</TABNAME>
     <FIELDNAME>HKTID</FIELDNAME>
     <POSITION>0025</POSITION>
     <ROLLNAME>HKTID</ROLLNAME>
     <ADMINFIELD>0</ADMINFIELD>
     <COMPTYPE>E</COMPTYPE>
    </DD03P>
    <DD03P>
     <TABNAME>ZBAPI_S_CCODE_DATA</TABNAME>
     <FIELDNAME>VZSKZ</FIELDNAME>
     <POSITION>0026</POSITION>
     <ROLLNAME>VZSKZ</ROLLNAME>
     <ADMINFIELD>0</ADMINFIELD>
     <COMPTYPE>E</COMPTYPE>
    </DD03P>
    <DD03P>
     <TABNAME>ZBAPI_S_CCODE_DATA</TABNAME>
     <FIELDNAME>ZINDT</FIELDNAME>
     <POSITION>0027</POSITION>
     <ROLLNAME>DZINDT</ROLLNAME>
     <ADMINFIELD>0</ADMINFIELD>
     <SHLPORIGIN>T</SHLPORIGIN>
     <COMPTYPE>E</COMPTYPE>
    </DD03P>
    <DD03P>
     <TABNAME>ZBAPI_S_CCODE_DATA</TABNAME>
     <FIELDNAME>ZINRT</FIELDNAME>
     <POSITION>0028</POSITION>
     <ROLLNAME>DZINRT</ROLLNAME>
     <ADMINFIELD>0</ADMINFIELD>
     <VALEXI>X</VALEXI>
     <SHLPORIGIN>F</SHLPORIGIN>
     <COMPTYPE>E</COMPTYPE>
    </DD03P>
    <DD03P>
     <TABNAME>ZBAPI_S_CCODE_DATA</TABNAME>
     <FIELDNAME>DATLZ</FIELDNAME>
     <POSITION>0029</POSITION>
     <ROLLNAME>DATLZ</ROLLNAME>
     <ADMINFIELD>0</ADMINFIELD>
     <SHLPORIGIN>T</SHLPORIGIN>
     <COMPTYPE>E</COMPTYPE>
    </DD03P>
    <DD03P>
     <TABNAME>ZBAPI_S_CCODE_DATA</TABNAME>
     <FIELDNAME>RECID</FIELDNAME>
     <POSITION>0030</POSITION>
     <ROLLNAME>JV_RECIND</ROLLNAME>
     <ADMINFIELD>0</ADMINFIELD>
     <COMPTYPE>E</COMPTYPE>
    </DD03P>
    <DD03P>
     <TABNAME>ZBAPI_S_CCODE_DATA</TABNAME>
     <FIELDNAME>XSPEB</FIELDNAME>
     <POSITION>0031</POSITION>
     <ROLLNAME>XSPEB</ROLLNAME>
     <ADMINFIELD>0</ADMINFIELD>
     <VALEXI>X</VALEXI>
     <SHLPORIGIN>F</SHLPORIGIN>
     <COMPTYPE>E</COMPTYPE>
    </DD03P>
    <DD03P>
     <TABNAME>ZBAPI_S_CCODE_DATA</TABNAME>
     <FIELDNAME>XLOEB</FIELDNAME>
     <POSITION>0032</POSITION>
     <ROLLNAME>XLOEV</ROLLNAME>
     <ADMINFIELD>0</ADMINFIELD>
     <VALEXI>X</VALEXI>
     <SHLPORIGIN>F</SHLPORIGIN>
     <COMPTYPE>E</COMPTYPE>
    </DD03P>
    <DD03P>
     <TABNAME>ZBAPI_S_CCODE_DATA</TABNAME>
     <FIELDNAME>XLGCLR</FIELDNAME>
     <POSITION>0033</POSITION>
     <ROLLNAME>XLGCLR</ROLLNAME>
     <ADMINFIELD>0</ADMINFIELD>
     <VALEXI>X</VALEXI>
     <SHLPORIGIN>F</SHLPORIGIN>
     <COMPTYPE>E</COMPTYPE>
    </DD03P>
    <DD03P>
     <TABNAME>ZBAPI_S_CCODE_DATA</TABNAME>
     <FIELDNAME>MCAKEY</FIELDNAME>
     <POSITION>0034</POSITION>
     <ROLLNAME>GLE_DTE_MCA_MCAKEY</ROLLNAME>
     <ADMINFIELD>0</ADMINFIELD>
     <COMPTYPE>E</COMPTYPE>
    </DD03P>
    <DD03P>
     <TABNAME>ZBAPI_S_CCODE_DATA</TABNAME>
     <FIELDNAME>ZZ_PLAN_RELV</FIELDNAME>
     <POSITION>0035</POSITION>
     <ROLLNAME>ZFI_PLAN_RELV</ROLLNAME>
     <ADMINFIELD>0</ADMINFIELD>
     <COMPTYPE>E</COMPTYPE>
    </DD03P>
   </DD03P_TABLE>
   <I18N_LANGS>
    <LANGU>D</LANGU>
   </I18N_LANGS>
   <DD02_TEXTS>
    <item>
     <DDLANGUAGE>D</DDLANGUAGE>
     <DDTEXT>Sachkontenstamm: Buchungskreis - Daten</DDTEXT>
    </item>
   </DD02_TEXTS>
  </asx:values>
 </asx:abap>
</abapGit>
