﻿<?xml version="1.0" encoding="utf-8"?>
<abapGit version="v1.0.0" serializer="LCL_OBJECT_CLAS" serializer_version="v1.0.0">
 <asx:abap xmlns:asx="http://www.sap.com/abapxml" version="1.0">
  <asx:values>
   <VSEOCLASS>
    <CLSNAME>ZCL_IM_FI_QISR1_GL_MAINT</CLSNAME>
    <LANGU>E</LANGU>
    <DESCRIPT>Imp. class for BAdI imp. ZFI_QISR1_GL_MAINT</DESCRIPT>
    <STATE>1</STATE>
    <CLSCCINCL>X</CLSCCINCL>
    <FIXPT>X</FIXPT>
    <UNICODE>X</UNICODE>
    <RSTAT>K</RSTAT>
    <MSG_ID>ZFI_GLMAST</MSG_ID>
   </VSEOCLASS>
   <DESCRIPTIONS>
    <SEOCOMPOTX>
     <CLSNAME>ZCL_IM_FI_QISR1_GL_MAINT</CLSNAME>
     <CMPNAME>ACCTNAME_MAPPER</CMPNAME>
     <LANGU>E</LANGU>
     <DESCRIPT>Map account name</DESCRIPT>
    </SEOCOMPOTX>
    <SEOCOMPOTX>
     <CLSNAME>ZCL_IM_FI_QISR1_GL_MAINT</CLSNAME>
     <CMPNAME>CCODE_MAPPER</CMPNAME>
     <LANGU>E</LANGU>
     <DESCRIPT>Map Company Code data</DESCRIPT>
    </SEOCOMPOTX>
    <SEOCOMPOTX>
     <CLSNAME>ZCL_IM_FI_QISR1_GL_MAINT</CLSNAME>
     <CMPNAME>CHECK_APPROVERS</CMPNAME>
     <LANGU>E</LANGU>
     <DESCRIPT>Check mandatory fields for Approvers</DESCRIPT>
    </SEOCOMPOTX>
    <SEOCOMPOTX>
     <CLSNAME>ZCL_IM_FI_QISR1_GL_MAINT</CLSNAME>
     <CMPNAME>CHECK_CHANGES</CMPNAME>
     <LANGU>E</LANGU>
     <DESCRIPT>Check for Text changes</DESCRIPT>
    </SEOCOMPOTX>
    <SEOCOMPOTX>
     <CLSNAME>ZCL_IM_FI_QISR1_GL_MAINT</CLSNAME>
     <CMPNAME>CHECK_COSTELEM_LOCKS</CMPNAME>
     <LANGU>E</LANGU>
     <DESCRIPT>Check Costelement locks</DESCRIPT>
    </SEOCOMPOTX>
    <SEOCOMPOTX>
     <CLSNAME>ZCL_IM_FI_QISR1_GL_MAINT</CLSNAME>
     <CMPNAME>CHECK_FSV_LOCKS</CMPNAME>
     <LANGU>E</LANGU>
     <DESCRIPT>Check if FSV is locked</DESCRIPT>
    </SEOCOMPOTX>
    <SEOCOMPOTX>
     <CLSNAME>ZCL_IM_FI_QISR1_GL_MAINT</CLSNAME>
     <CMPNAME>CHECK_LOCKS</CMPNAME>
     <LANGU>E</LANGU>
     <DESCRIPT>Check master data object locks</DESCRIPT>
    </SEOCOMPOTX>
    <SEOCOMPOTX>
     <CLSNAME>ZCL_IM_FI_QISR1_GL_MAINT</CLSNAME>
     <CMPNAME>CHECK_MANDATORY</CMPNAME>
     <LANGU>E</LANGU>
     <DESCRIPT>Check mandatory fields on the Form</DESCRIPT>
    </SEOCOMPOTX>
    <SEOCOMPOTX>
     <CLSNAME>ZCL_IM_FI_QISR1_GL_MAINT</CLSNAME>
     <CMPNAME>CHECK_MD_EXIST</CMPNAME>
     <LANGU>E</LANGU>
     <DESCRIPT>Check Existence of the Master Data Object</DESCRIPT>
    </SEOCOMPOTX>
    <SEOCOMPOTX>
     <CLSNAME>ZCL_IM_FI_QISR1_GL_MAINT</CLSNAME>
     <CMPNAME>CLEAR_FIELDS</CMPNAME>
     <LANGU>E</LANGU>
     <DESCRIPT>Clear fields on the Form</DESCRIPT>
    </SEOCOMPOTX>
    <SEOCOMPOTX>
     <CLSNAME>ZCL_IM_FI_QISR1_GL_MAINT</CLSNAME>
     <CMPNAME>COA_MAPPER</CMPNAME>
     <LANGU>E</LANGU>
     <DESCRIPT>Map COA data</DESCRIPT>
    </SEOCOMPOTX>
    <SEOCOMPOTX>
     <CLSNAME>ZCL_IM_FI_QISR1_GL_MAINT</CLSNAME>
     <CMPNAME>COMMITMENT_MAPPER</CMPNAME>
     <LANGU>E</LANGU>
     <DESCRIPT>Map Commitment Item data</DESCRIPT>
    </SEOCOMPOTX>
    <SEOCOMPOTX>
     <CLSNAME>ZCL_IM_FI_QISR1_GL_MAINT</CLSNAME>
     <CMPNAME>COPY_REF</CMPNAME>
     <LANGU>E</LANGU>
     <DESCRIPT>Copy Reference values</DESCRIPT>
    </SEOCOMPOTX>
    <SEOCOMPOTX>
     <CLSNAME>ZCL_IM_FI_QISR1_GL_MAINT</CLSNAME>
     <CMPNAME>COSTELEM_MAPPER</CMPNAME>
     <LANGU>E</LANGU>
     <DESCRIPT>Map Cost Element data</DESCRIPT>
    </SEOCOMPOTX>
    <SEOCOMPOTX>
     <CLSNAME>ZCL_IM_FI_QISR1_GL_MAINT</CLSNAME>
     <CMPNAME>GET_ACCT_GROUP</CMPNAME>
     <LANGU>E</LANGU>
     <DESCRIPT>Read Account Groups</DESCRIPT>
    </SEOCOMPOTX>
    <SEOCOMPOTX>
     <CLSNAME>ZCL_IM_FI_QISR1_GL_MAINT</CLSNAME>
     <CMPNAME>GET_ACCT_NAMES</CMPNAME>
     <LANGU>E</LANGU>
     <DESCRIPT>Get account name</DESCRIPT>
    </SEOCOMPOTX>
    <SEOCOMPOTX>
     <CLSNAME>ZCL_IM_FI_QISR1_GL_MAINT</CLSNAME>
     <CMPNAME>GET_ADDITIONAL</CMPNAME>
     <LANGU>E</LANGU>
     <DESCRIPT>Get ISR Form additional fields</DESCRIPT>
    </SEOCOMPOTX>
    <SEOCOMPOTX>
     <CLSNAME>ZCL_IM_FI_QISR1_GL_MAINT</CLSNAME>
     <CMPNAME>GET_API_MODE</CMPNAME>
     <LANGU>E</LANGU>
     <DESCRIPT>Get API mode</DESCRIPT>
    </SEOCOMPOTX>
    <SEOCOMPOTX>
     <CLSNAME>ZCL_IM_FI_QISR1_GL_MAINT</CLSNAME>
     <CMPNAME>GET_BUS_UNIT</CMPNAME>
     <LANGU>E</LANGU>
     <DESCRIPT>Read Business Unit</DESCRIPT>
    </SEOCOMPOTX>
    <SEOCOMPOTX>
     <CLSNAME>ZCL_IM_FI_QISR1_GL_MAINT</CLSNAME>
     <CMPNAME>GET_CCODE_DATA</CMPNAME>
     <LANGU>E</LANGU>
     <DESCRIPT>Get Company Code data</DESCRIPT>
    </SEOCOMPOTX>
    <SEOCOMPOTX>
     <CLSNAME>ZCL_IM_FI_QISR1_GL_MAINT</CLSNAME>
     <CMPNAME>GET_CFLOW</CMPNAME>
     <LANGU>E</LANGU>
     <DESCRIPT>Read CashFlow</DESCRIPT>
    </SEOCOMPOTX>
    <SEOCOMPOTX>
     <CLSNAME>ZCL_IM_FI_QISR1_GL_MAINT</CLSNAME>
     <CMPNAME>GET_COA_DATA</CMPNAME>
     <LANGU>E</LANGU>
     <DESCRIPT>Return COA data</DESCRIPT>
    </SEOCOMPOTX>
    <SEOCOMPOTX>
     <CLSNAME>ZCL_IM_FI_QISR1_GL_MAINT</CLSNAME>
     <CMPNAME>GET_COMITEM_CATEG</CMPNAME>
     <LANGU>E</LANGU>
     <DESCRIPT>Read Domain POTYP</DESCRIPT>
    </SEOCOMPOTX>
    <SEOCOMPOTX>
     <CLSNAME>ZCL_IM_FI_QISR1_GL_MAINT</CLSNAME>
     <CMPNAME>GET_COMITEM_POST</CMPNAME>
     <LANGU>E</LANGU>
     <DESCRIPT>Read Domain KATEG</DESCRIPT>
    </SEOCOMPOTX>
    <SEOCOMPOTX>
     <CLSNAME>ZCL_IM_FI_QISR1_GL_MAINT</CLSNAME>
     <CMPNAME>GET_COMITEM_VAR</CMPNAME>
     <LANGU>E</LANGU>
     <DESCRIPT>Read Commitment Item Variant</DESCRIPT>
    </SEOCOMPOTX>
    <SEOCOMPOTX>
     <CLSNAME>ZCL_IM_FI_QISR1_GL_MAINT</CLSNAME>
     <CMPNAME>GET_COMMAND</CMPNAME>
     <LANGU>E</LANGU>
     <DESCRIPT>Get ISR framework Command</DESCRIPT>
    </SEOCOMPOTX>
    <SEOCOMPOTX>
     <CLSNAME>ZCL_IM_FI_QISR1_GL_MAINT</CLSNAME>
     <CMPNAME>GET_COMMITMENT</CMPNAME>
     <LANGU>E</LANGU>
     <DESCRIPT>Get Commitment attribute</DESCRIPT>
    </SEOCOMPOTX>
    <SEOCOMPOTX>
     <CLSNAME>ZCL_IM_FI_QISR1_GL_MAINT</CLSNAME>
     <CMPNAME>GET_COMP_CODES</CMPNAME>
     <LANGU>E</LANGU>
     <DESCRIPT>Read Company Codes</DESCRIPT>
    </SEOCOMPOTX>
    <SEOCOMPOTX>
     <CLSNAME>ZCL_IM_FI_QISR1_GL_MAINT</CLSNAME>
     <CMPNAME>GET_COSTELEMENT</CMPNAME>
     <LANGU>E</LANGU>
     <DESCRIPT>Get Cost Element attribute</DESCRIPT>
    </SEOCOMPOTX>
    <SEOCOMPOTX>
     <CLSNAME>ZCL_IM_FI_QISR1_GL_MAINT</CLSNAME>
     <CMPNAME>GET_COSTELEM_CATEG</CMPNAME>
     <LANGU>E</LANGU>
     <DESCRIPT>Read Cost Element Category</DESCRIPT>
    </SEOCOMPOTX>
    <SEOCOMPOTX>
     <CLSNAME>ZCL_IM_FI_QISR1_GL_MAINT</CLSNAME>
     <CMPNAME>GET_CURRENCY</CMPNAME>
     <LANGU>E</LANGU>
     <DESCRIPT>Read Currencies</DESCRIPT>
    </SEOCOMPOTX>
    <SEOCOMPOTX>
     <CLSNAME>ZCL_IM_FI_QISR1_GL_MAINT</CLSNAME>
     <CMPNAME>GET_DOMAIN_VALUES</CMPNAME>
     <LANGU>E</LANGU>
     <DESCRIPT>Read Domain Fixed Values</DESCRIPT>
    </SEOCOMPOTX>
    <SEOCOMPOTX>
     <CLSNAME>ZCL_IM_FI_QISR1_GL_MAINT</CLSNAME>
     <CMPNAME>GET_FIELDSTATUS</CMPNAME>
     <LANGU>E</LANGU>
     <DESCRIPT>Read Field Statuses</DESCRIPT>
    </SEOCOMPOTX>
    <SEOCOMPOTX>
     <CLSNAME>ZCL_IM_FI_QISR1_GL_MAINT</CLSNAME>
     <CMPNAME>GET_FINSTAT</CMPNAME>
     <LANGU>E</LANGU>
     <DESCRIPT>Read Financial Statements</DESCRIPT>
    </SEOCOMPOTX>
    <SEOCOMPOTX>
     <CLSNAME>ZCL_IM_FI_QISR1_GL_MAINT</CLSNAME>
     <CMPNAME>GET_FINSTNOTE</CMPNAME>
     <LANGU>E</LANGU>
     <DESCRIPT>Read Financial Statement Notes</DESCRIPT>
    </SEOCOMPOTX>
    <SEOCOMPOTX>
     <CLSNAME>ZCL_IM_FI_QISR1_GL_MAINT</CLSNAME>
     <CMPNAME>GET_FINTRANS</CMPNAME>
     <LANGU>E</LANGU>
     <DESCRIPT>Read Domain FIVOR</DESCRIPT>
    </SEOCOMPOTX>
    <SEOCOMPOTX>
     <CLSNAME>ZCL_IM_FI_QISR1_GL_MAINT</CLSNAME>
     <CMPNAME>GET_FLDVALUE</CMPNAME>
     <LANGU>E</LANGU>
     <DESCRIPT>Get value of a field from the Form</DESCRIPT>
    </SEOCOMPOTX>
    <SEOCOMPOTX>
     <CLSNAME>ZCL_IM_FI_QISR1_GL_MAINT</CLSNAME>
     <CMPNAME>GET_FSV_HIERARCHY</CMPNAME>
     <LANGU>E</LANGU>
     <DESCRIPT>Read FSV Hierarchy</DESCRIPT>
    </SEOCOMPOTX>
    <SEOCOMPOTX>
     <CLSNAME>ZCL_IM_FI_QISR1_GL_MAINT</CLSNAME>
     <CMPNAME>GET_FY_START</CMPNAME>
     <LANGU>E</LANGU>
     <DESCRIPT>Derive Financial Year start date</DESCRIPT>
    </SEOCOMPOTX>
    <SEOCOMPOTX>
     <CLSNAME>ZCL_IM_FI_QISR1_GL_MAINT</CLSNAME>
     <CMPNAME>GET_GROUPS</CMPNAME>
     <LANGU>E</LANGU>
     <DESCRIPT>Get Form Groupings/Sections</DESCRIPT>
    </SEOCOMPOTX>
    <SEOCOMPOTX>
     <CLSNAME>ZCL_IM_FI_QISR1_GL_MAINT</CLSNAME>
     <CMPNAME>GET_INFO</CMPNAME>
     <LANGU>E</LANGU>
     <DESCRIPT>Return info attribute for Form field changes</DESCRIPT>
    </SEOCOMPOTX>
    <SEOCOMPOTX>
     <CLSNAME>ZCL_IM_FI_QISR1_GL_MAINT</CLSNAME>
     <CMPNAME>GET_MD_FACTORY</CMPNAME>
     <LANGU>E</LANGU>
     <DESCRIPT>Return an Instance of the Master data Factory Object</DESCRIPT>
    </SEOCOMPOTX>
    <SEOCOMPOTX>
     <CLSNAME>ZCL_IM_FI_QISR1_GL_MAINT</CLSNAME>
     <CMPNAME>GET_MESSAGES</CMPNAME>
     <LANGU>E</LANGU>
     <DESCRIPT>Get ISR Message List</DESCRIPT>
    </SEOCOMPOTX>
    <SEOCOMPOTX>
     <CLSNAME>ZCL_IM_FI_QISR1_GL_MAINT</CLSNAME>
     <CMPNAME>GET_MODE</CMPNAME>
     <LANGU>E</LANGU>
     <DESCRIPT>Get Form Run Mode</DESCRIPT>
    </SEOCOMPOTX>
    <SEOCOMPOTX>
     <CLSNAME>ZCL_IM_FI_QISR1_GL_MAINT</CLSNAME>
     <CMPNAME>GET_NCVER_ACT</CMPNAME>
     <LANGU>E</LANGU>
     <DESCRIPT>Read NCVER Act</DESCRIPT>
    </SEOCOMPOTX>
    <SEOCOMPOTX>
     <CLSNAME>ZCL_IM_FI_QISR1_GL_MAINT</CLSNAME>
     <CMPNAME>GET_NCVER_CFLO</CMPNAME>
     <LANGU>E</LANGU>
     <DESCRIPT>Read NCVER Cashflow</DESCRIPT>
    </SEOCOMPOTX>
    <SEOCOMPOTX>
     <CLSNAME>ZCL_IM_FI_QISR1_GL_MAINT</CLSNAME>
     <CMPNAME>GET_NCVER_DSC</CMPNAME>
     <LANGU>E</LANGU>
     <DESCRIPT>Read NCVER Disclosure</DESCRIPT>
    </SEOCOMPOTX>
    <SEOCOMPOTX>
     <CLSNAME>ZCL_IM_FI_QISR1_GL_MAINT</CLSNAME>
     <CMPNAME>GET_OBJECTKEY</CMPNAME>
     <LANGU>E</LANGU>
     <DESCRIPT>Get ObjectKey</DESCRIPT>
    </SEOCOMPOTX>
    <SEOCOMPOTX>
     <CLSNAME>ZCL_IM_FI_QISR1_GL_MAINT</CLSNAME>
     <CMPNAME>GET_PLAN_LEVEL</CMPNAME>
     <LANGU>E</LANGU>
     <DESCRIPT>Read Planning Level</DESCRIPT>
    </SEOCOMPOTX>
    <SEOCOMPOTX>
     <CLSNAME>ZCL_IM_FI_QISR1_GL_MAINT</CLSNAME>
     <CMPNAME>GET_PLAN_RELV</CMPNAME>
     <LANGU>E</LANGU>
     <DESCRIPT>Read Planning Relevance</DESCRIPT>
    </SEOCOMPOTX>
    <SEOCOMPOTX>
     <CLSNAME>ZCL_IM_FI_QISR1_GL_MAINT</CLSNAME>
     <CMPNAME>GET_SIMULATE</CMPNAME>
     <LANGU>E</LANGU>
     <DESCRIPT>Get Simulation</DESCRIPT>
    </SEOCOMPOTX>
    <SEOCOMPOTX>
     <CLSNAME>ZCL_IM_FI_QISR1_GL_MAINT</CLSNAME>
     <CMPNAME>GET_SORTKEY</CMPNAME>
     <LANGU>E</LANGU>
     <DESCRIPT>Read Sort Keys</DESCRIPT>
    </SEOCOMPOTX>
    <SEOCOMPOTX>
     <CLSNAME>ZCL_IM_FI_QISR1_GL_MAINT</CLSNAME>
     <CMPNAME>GET_SPECIAL</CMPNAME>
     <LANGU>E</LANGU>
     <DESCRIPT>Get ISR Form fields</DESCRIPT>
    </SEOCOMPOTX>
    <SEOCOMPOTX>
     <CLSNAME>ZCL_IM_FI_QISR1_GL_MAINT</CLSNAME>
     <CMPNAME>GET_SUPCOMITEM_CATEG</CMPNAME>
     <LANGU>E</LANGU>
     <DESCRIPT>Read Superior Commitment Item Category</DESCRIPT>
    </SEOCOMPOTX>
    <SEOCOMPOTX>
     <CLSNAME>ZCL_IM_FI_QISR1_GL_MAINT</CLSNAME>
     <CMPNAME>GET_TAXCATEGORY</CMPNAME>
     <LANGU>E</LANGU>
     <DESCRIPT>Read Tax Categories</DESCRIPT>
    </SEOCOMPOTX>
    <SEOCOMPOTX>
     <CLSNAME>ZCL_IM_FI_QISR1_GL_MAINT</CLSNAME>
     <CMPNAME>GET_TOES</CMPNAME>
     <LANGU>E</LANGU>
     <DESCRIPT>Read TOES Account</DESCRIPT>
    </SEOCOMPOTX>
    <SEOCOMPOTX>
     <CLSNAME>ZCL_IM_FI_QISR1_GL_MAINT</CLSNAME>
     <CMPNAME>GET_USERCOMM</CMPNAME>
     <LANGU>E</LANGU>
     <DESCRIPT>Set User Command attribute</DESCRIPT>
    </SEOCOMPOTX>
    <SEOCOMPOTX>
     <CLSNAME>ZCL_IM_FI_QISR1_GL_MAINT</CLSNAME>
     <CMPNAME>GET_VIEW</CMPNAME>
     <LANGU>E</LANGU>
     <DESCRIPT>Get Form View</DESCRIPT>
    </SEOCOMPOTX>
    <SEOCOMPOTX>
     <CLSNAME>ZCL_IM_FI_QISR1_GL_MAINT</CLSNAME>
     <CMPNAME>HANDLE_COMMANDS</CMPNAME>
     <LANGU>E</LANGU>
     <DESCRIPT>Handle User Commands</DESCRIPT>
    </SEOCOMPOTX>
    <SEOCOMPOTX>
     <CLSNAME>ZCL_IM_FI_QISR1_GL_MAINT</CLSNAME>
     <CMPNAME>IS_ALT_FSV</CMPNAME>
     <LANGU>E</LANGU>
     <DESCRIPT>Check if Alternate FSV is required</DESCRIPT>
    </SEOCOMPOTX>
    <SEOCOMPOTX>
     <CLSNAME>ZCL_IM_FI_QISR1_GL_MAINT</CLSNAME>
     <CMPNAME>IS_COSTELEM_REQUIRED</CMPNAME>
     <LANGU>E</LANGU>
     <DESCRIPT>Check if Cost Element is required for this dataset</DESCRIPT>
    </SEOCOMPOTX>
    <SEOCOMPOTX>
     <CLSNAME>ZCL_IM_FI_QISR1_GL_MAINT</CLSNAME>
     <CMPNAME>IS_FSV_REQUIRED</CMPNAME>
     <LANGU>E</LANGU>
     <DESCRIPT>Check if FSV updates required</DESCRIPT>
    </SEOCOMPOTX>
    <SEOCOMPOTX>
     <CLSNAME>ZCL_IM_FI_QISR1_GL_MAINT</CLSNAME>
     <CMPNAME>MAINTAIN</CMPNAME>
     <LANGU>E</LANGU>
     <DESCRIPT>Maintain the required master data objects</DESCRIPT>
    </SEOCOMPOTX>
    <SEOCOMPOTX>
     <CLSNAME>ZCL_IM_FI_QISR1_GL_MAINT</CLSNAME>
     <CMPNAME>MAINTAIN_MASTERDATA</CMPNAME>
     <LANGU>E</LANGU>
     <DESCRIPT>Create/Update GLMAST Masterdata Objects</DESCRIPT>
    </SEOCOMPOTX>
    <SEOCOMPOTX>
     <CLSNAME>ZCL_IM_FI_QISR1_GL_MAINT</CLSNAME>
     <CMPNAME>PERSIST_EBS_GLMAST</CMPNAME>
     <LANGU>E</LANGU>
     <DESCRIPT>Maintain new GL account number for EBS</DESCRIPT>
    </SEOCOMPOTX>
    <SEOCOMPOTX>
     <CLSNAME>ZCL_IM_FI_QISR1_GL_MAINT</CLSNAME>
     <CMPNAME>READ_GLMAST</CMPNAME>
     <LANGU>E</LANGU>
     <DESCRIPT>Read GL account master data</DESCRIPT>
    </SEOCOMPOTX>
    <SEOCOMPOTX>
     <CLSNAME>ZCL_IM_FI_QISR1_GL_MAINT</CLSNAME>
     <CMPNAME>REFRESH</CMPNAME>
     <LANGU>E</LANGU>
     <DESCRIPT>Refresh Form</DESCRIPT>
    </SEOCOMPOTX>
    <SEOCOMPOTX>
     <CLSNAME>ZCL_IM_FI_QISR1_GL_MAINT</CLSNAME>
     <CMPNAME>SET_ACCT_NAMES</CMPNAME>
     <LANGU>E</LANGU>
     <DESCRIPT>Set account name</DESCRIPT>
    </SEOCOMPOTX>
    <SEOCOMPOTX>
     <CLSNAME>ZCL_IM_FI_QISR1_GL_MAINT</CLSNAME>
     <CMPNAME>SET_ADDITIONAL</CMPNAME>
     <LANGU>E</LANGU>
     <DESCRIPT>Set ISR Form additional fields</DESCRIPT>
    </SEOCOMPOTX>
    <SEOCOMPOTX>
     <CLSNAME>ZCL_IM_FI_QISR1_GL_MAINT</CLSNAME>
     <CMPNAME>SET_API_MODE</CMPNAME>
     <LANGU>E</LANGU>
     <DESCRIPT>Set API mode</DESCRIPT>
    </SEOCOMPOTX>
    <SEOCOMPOTX>
     <CLSNAME>ZCL_IM_FI_QISR1_GL_MAINT</CLSNAME>
     <CMPNAME>SET_APPROVAL_STATUS</CMPNAME>
     <LANGU>E</LANGU>
     <DESCRIPT>Set ISR current Approval Processing Status</DESCRIPT>
    </SEOCOMPOTX>
    <SEOCOMPOTX>
     <CLSNAME>ZCL_IM_FI_QISR1_GL_MAINT</CLSNAME>
     <CMPNAME>SET_CCODE_DATA</CMPNAME>
     <LANGU>E</LANGU>
     <DESCRIPT>Set Company Code data</DESCRIPT>
    </SEOCOMPOTX>
    <SEOCOMPOTX>
     <CLSNAME>ZCL_IM_FI_QISR1_GL_MAINT</CLSNAME>
     <CMPNAME>SET_COA_DATA</CMPNAME>
     <LANGU>E</LANGU>
     <DESCRIPT>Set COA data</DESCRIPT>
    </SEOCOMPOTX>
    <SEOCOMPOTX>
     <CLSNAME>ZCL_IM_FI_QISR1_GL_MAINT</CLSNAME>
     <CMPNAME>SET_COMMAND</CMPNAME>
     <LANGU>E</LANGU>
     <DESCRIPT>Set ISR framework Command</DESCRIPT>
    </SEOCOMPOTX>
    <SEOCOMPOTX>
     <CLSNAME>ZCL_IM_FI_QISR1_GL_MAINT</CLSNAME>
     <CMPNAME>SET_COMMITMENT</CMPNAME>
     <LANGU>E</LANGU>
     <DESCRIPT>Set Commitment attribute</DESCRIPT>
    </SEOCOMPOTX>
    <SEOCOMPOTX>
     <CLSNAME>ZCL_IM_FI_QISR1_GL_MAINT</CLSNAME>
     <CMPNAME>SET_CONTROL</CMPNAME>
     <LANGU>E</LANGU>
     <DESCRIPT>Set Control Parameters for every form stage</DESCRIPT>
    </SEOCOMPOTX>
    <SEOCOMPOTX>
     <CLSNAME>ZCL_IM_FI_QISR1_GL_MAINT</CLSNAME>
     <CMPNAME>SET_COSTELEMENT</CMPNAME>
     <LANGU>E</LANGU>
     <DESCRIPT>Set Cost Element attribute</DESCRIPT>
    </SEOCOMPOTX>
    <SEOCOMPOTX>
     <CLSNAME>ZCL_IM_FI_QISR1_GL_MAINT</CLSNAME>
     <CMPNAME>SET_DROPDOWNS</CMPNAME>
     <LANGU>E</LANGU>
     <DESCRIPT>Set all dropdowns on the Form</DESCRIPT>
    </SEOCOMPOTX>
    <SEOCOMPOTX>
     <CLSNAME>ZCL_IM_FI_QISR1_GL_MAINT</CLSNAME>
     <CMPNAME>SET_FLDVALUE</CMPNAME>
     <LANGU>E</LANGU>
     <DESCRIPT>Set value of a field on the Form</DESCRIPT>
    </SEOCOMPOTX>
    <SEOCOMPOTX>
     <CLSNAME>ZCL_IM_FI_QISR1_GL_MAINT</CLSNAME>
     <CMPNAME>SET_GROUPS</CMPNAME>
     <LANGU>E</LANGU>
     <DESCRIPT>Set Form Groupings/Sections</DESCRIPT>
    </SEOCOMPOTX>
    <SEOCOMPOTX>
     <CLSNAME>ZCL_IM_FI_QISR1_GL_MAINT</CLSNAME>
     <CMPNAME>SET_INFO</CMPNAME>
     <LANGU>E</LANGU>
     <DESCRIPT>Set info attribute for Form field changes</DESCRIPT>
    </SEOCOMPOTX>
    <SEOCOMPOTX>
     <CLSNAME>ZCL_IM_FI_QISR1_GL_MAINT</CLSNAME>
     <CMPNAME>SET_MESSAGES</CMPNAME>
     <LANGU>E</LANGU>
     <DESCRIPT>Set ISR Message List</DESCRIPT>
    </SEOCOMPOTX>
    <SEOCOMPOTX>
     <CLSNAME>ZCL_IM_FI_QISR1_GL_MAINT</CLSNAME>
     <CMPNAME>SET_MODE</CMPNAME>
     <LANGU>E</LANGU>
     <DESCRIPT>Set Form Run Mode</DESCRIPT>
    </SEOCOMPOTX>
    <SEOCOMPOTX>
     <CLSNAME>ZCL_IM_FI_QISR1_GL_MAINT</CLSNAME>
     <CMPNAME>SET_OBJECTKEY</CMPNAME>
     <LANGU>E</LANGU>
     <DESCRIPT>Set ObjectKey</DESCRIPT>
    </SEOCOMPOTX>
    <SEOCOMPOTX>
     <CLSNAME>ZCL_IM_FI_QISR1_GL_MAINT</CLSNAME>
     <CMPNAME>SET_SIMULATE</CMPNAME>
     <LANGU>E</LANGU>
     <DESCRIPT>Set Simulation</DESCRIPT>
    </SEOCOMPOTX>
    <SEOCOMPOTX>
     <CLSNAME>ZCL_IM_FI_QISR1_GL_MAINT</CLSNAME>
     <CMPNAME>SET_SPECIAL</CMPNAME>
     <LANGU>E</LANGU>
     <DESCRIPT>Set ISR Form fields</DESCRIPT>
    </SEOCOMPOTX>
    <SEOCOMPOTX>
     <CLSNAME>ZCL_IM_FI_QISR1_GL_MAINT</CLSNAME>
     <CMPNAME>SET_SPECIAL_ISR</CMPNAME>
     <LANGU>E</LANGU>
     <DESCRIPT>Writes Form data to ISR Notification database</DESCRIPT>
    </SEOCOMPOTX>
    <SEOCOMPOTX>
     <CLSNAME>ZCL_IM_FI_QISR1_GL_MAINT</CLSNAME>
     <CMPNAME>SET_USERCOMM</CMPNAME>
     <LANGU>E</LANGU>
     <DESCRIPT>Set User Command attribute</DESCRIPT>
    </SEOCOMPOTX>
    <SEOCOMPOTX>
     <CLSNAME>ZCL_IM_FI_QISR1_GL_MAINT</CLSNAME>
     <CMPNAME>SET_VIEW</CMPNAME>
     <LANGU>E</LANGU>
     <DESCRIPT>Set Form View</DESCRIPT>
    </SEOCOMPOTX>
    <SEOCOMPOTX>
     <CLSNAME>ZCL_IM_FI_QISR1_GL_MAINT</CLSNAME>
     <CMPNAME>SIMULATE</CMPNAME>
     <LANGU>E</LANGU>
     <DESCRIPT>Simulate MD Objects on Check event</DESCRIPT>
    </SEOCOMPOTX>
    <SEOCOMPOTX>
     <CLSNAME>ZCL_IM_FI_QISR1_GL_MAINT</CLSNAME>
     <CMPNAME>SIMULATE_MASTERDATA</CMPNAME>
     <LANGU>E</LANGU>
     <DESCRIPT>Simulate MD Objects on Check event</DESCRIPT>
    </SEOCOMPOTX>
    <SEOCOMPOTX>
     <CLSNAME>ZCL_IM_FI_QISR1_GL_MAINT</CLSNAME>
     <CMPNAME>UPDATE_FIELDINFO</CMPNAME>
     <LANGU>E</LANGU>
     <DESCRIPT>Update info for Form field changes</DESCRIPT>
    </SEOCOMPOTX>
    <SEOCOMPOTX>
     <CLSNAME>ZCL_IM_FI_QISR1_GL_MAINT</CLSNAME>
     <CMPNAME>VALIDATE_DATA</CMPNAME>
     <LANGU>E</LANGU>
     <DESCRIPT>Validate Form data</DESCRIPT>
    </SEOCOMPOTX>
   </DESCRIPTIONS>
  </asx:values>
 </asx:abap>
</abapGit>
