﻿<?xml version="1.0" encoding="utf-8"?>
<abapGit version="v1.0.0" serializer="LCL_OBJECT_CLAS" serializer_version="v1.0.0">
 <asx:abap xmlns:asx="http://www.sap.com/abapxml" version="1.0">
  <asx:values>
   <VSEOCLASS>
    <CLSNAME>ZCL_FI_COMMITMENT_FACTORY</CLSNAME>
    <LANGU>E</LANGU>
    <DESCRIPT>Factory for FI Commitment Items</DESCRIPT>
    <STATE>1</STATE>
    <CLSCCINCL>X</CLSCCINCL>
    <FIXPT>X</FIXPT>
    <UNICODE>X</UNICODE>
    <WITH_UNIT_TESTS>X</WITH_UNIT_TESTS>
   </VSEOCLASS>
   <DESCRIPTIONS>
    <SEOCOMPOTX>
     <CLSNAME>ZCL_FI_COMMITMENT_FACTORY</CLSNAME>
     <CMPNAME>GET_ALL</CMPNAME>
     <LANGU>E</LANGU>
     <DESCRIPT>Get All Commitment Items for an FM Area</DESCRIPT>
    </SEOCOMPOTX>
    <SEOCOMPOTX>
     <CLSNAME>ZCL_FI_COMMITMENT_FACTORY</CLSNAME>
     <CMPNAME>GET_DATA</CMPNAME>
     <LANGU>E</LANGU>
     <DESCRIPT>Get Commitment Data</DESCRIPT>
    </SEOCOMPOTX>
    <SEOCOMPOTX>
     <CLSNAME>ZCL_FI_COMMITMENT_FACTORY</CLSNAME>
     <CMPNAME>GET_FIKRS</CMPNAME>
     <LANGU>E</LANGU>
     <DESCRIPT>Get FM Area</DESCRIPT>
    </SEOCOMPOTX>
    <SEOCOMPOTX>
     <CLSNAME>ZCL_FI_COMMITMENT_FACTORY</CLSNAME>
     <CMPNAME>GET_FIPEX</CMPNAME>
     <LANGU>E</LANGU>
     <DESCRIPT>Get Commitment Item</DESCRIPT>
    </SEOCOMPOTX>
    <SEOCOMPOTX>
     <CLSNAME>ZCL_FI_COMMITMENT_FACTORY</CLSNAME>
     <CMPNAME>SET_API</CMPNAME>
     <LANGU>E</LANGU>
     <DESCRIPT>Set API Methods</DESCRIPT>
    </SEOCOMPOTX>
    <SEOCOMPOTX>
     <CLSNAME>ZCL_FI_COMMITMENT_FACTORY</CLSNAME>
     <CMPNAME>SET_DATA</CMPNAME>
     <LANGU>E</LANGU>
     <DESCRIPT>set Commitment Data</DESCRIPT>
    </SEOCOMPOTX>
    <SEOCOMPOTX>
     <CLSNAME>ZCL_FI_COMMITMENT_FACTORY</CLSNAME>
     <CMPNAME>SET_FIKRS</CMPNAME>
     <LANGU>E</LANGU>
     <DESCRIPT>Set FM Area</DESCRIPT>
    </SEOCOMPOTX>
    <SEOCOMPOTX>
     <CLSNAME>ZCL_FI_COMMITMENT_FACTORY</CLSNAME>
     <CMPNAME>SET_FIPEX</CMPNAME>
     <LANGU>E</LANGU>
     <DESCRIPT>Set Commitment Item</DESCRIPT>
    </SEOCOMPOTX>
   </DESCRIPTIONS>
  </asx:values>
 </asx:abap>
</abapGit>
