﻿<?xml version="1.0" encoding="utf-8"?>
<abapGit version="v1.0.0" serializer="LCL_OBJECT_CLAS" serializer_version="v1.0.0">
 <asx:abap xmlns:asx="http://www.sap.com/abapxml" version="1.0">
  <asx:values>
   <VSEOCLASS>
    <CLSNAME>ZCL_FI_COSTELEM_FACTORY</CLSNAME>
    <LANGU>E</LANGU>
    <DESCRIPT>Factory Class for FI Masterdata</DESCRIPT>
    <STATE>1</STATE>
    <CLSCCINCL>X</CLSCCINCL>
    <FIXPT>X</FIXPT>
    <UNICODE>X</UNICODE>
    <RSTAT>K</RSTAT>
    <MSG_ID>ZFI</MSG_ID>
    <WITH_UNIT_TESTS>X</WITH_UNIT_TESTS>
   </VSEOCLASS>
   <DESCRIPTIONS>
    <SEOCOMPOTX>
     <CLSNAME>ZCL_FI_COSTELEM_FACTORY</CLSNAME>
     <CMPNAME>CONSTRUCTOR</CMPNAME>
     <LANGU>E</LANGU>
     <DESCRIPT>Object Constructor</DESCRIPT>
    </SEOCOMPOTX>
    <SEOCOMPOTX>
     <CLSNAME>ZCL_FI_COSTELEM_FACTORY</CLSNAME>
     <CMPNAME>GET_COAREA</CMPNAME>
     <LANGU>E</LANGU>
     <DESCRIPT>Get Controlling Area</DESCRIPT>
    </SEOCOMPOTX>
    <SEOCOMPOTX>
     <CLSNAME>ZCL_FI_COSTELEM_FACTORY</CLSNAME>
     <CMPNAME>GET_COELCLASS</CMPNAME>
     <LANGU>E</LANGU>
     <DESCRIPT>Get C Cost Element Class</DESCRIPT>
    </SEOCOMPOTX>
    <SEOCOMPOTX>
     <CLSNAME>ZCL_FI_COSTELEM_FACTORY</CLSNAME>
     <CMPNAME>GET_COSTELEM</CMPNAME>
     <LANGU>E</LANGU>
     <DESCRIPT>Get Cost Element</DESCRIPT>
    </SEOCOMPOTX>
    <SEOCOMPOTX>
     <CLSNAME>ZCL_FI_COSTELEM_FACTORY</CLSNAME>
     <CMPNAME>GET_COSTINPUT</CMPNAME>
     <LANGU>E</LANGU>
     <DESCRIPT>Get Cost Element input</DESCRIPT>
    </SEOCOMPOTX>
    <SEOCOMPOTX>
     <CLSNAME>ZCL_FI_COSTELEM_FACTORY</CLSNAME>
     <CMPNAME>GET_KEYDATE</CMPNAME>
     <LANGU>E</LANGU>
     <DESCRIPT>Get Key date</DESCRIPT>
    </SEOCOMPOTX>
    <SEOCOMPOTX>
     <CLSNAME>ZCL_FI_COSTELEM_FACTORY</CLSNAME>
     <CMPNAME>SET_API</CMPNAME>
     <LANGU>E</LANGU>
     <DESCRIPT>Set API specific attributes</DESCRIPT>
    </SEOCOMPOTX>
    <SEOCOMPOTX>
     <CLSNAME>ZCL_FI_COSTELEM_FACTORY</CLSNAME>
     <CMPNAME>SET_COAREA</CMPNAME>
     <LANGU>E</LANGU>
     <DESCRIPT>Set Controlling Area</DESCRIPT>
    </SEOCOMPOTX>
    <SEOCOMPOTX>
     <CLSNAME>ZCL_FI_COSTELEM_FACTORY</CLSNAME>
     <CMPNAME>SET_COELCLASS</CMPNAME>
     <LANGU>E</LANGU>
     <DESCRIPT>Set Cost Element Class</DESCRIPT>
    </SEOCOMPOTX>
    <SEOCOMPOTX>
     <CLSNAME>ZCL_FI_COSTELEM_FACTORY</CLSNAME>
     <CMPNAME>SET_COSTELEM</CMPNAME>
     <LANGU>E</LANGU>
     <DESCRIPT>Set Cost Element</DESCRIPT>
    </SEOCOMPOTX>
    <SEOCOMPOTX>
     <CLSNAME>ZCL_FI_COSTELEM_FACTORY</CLSNAME>
     <CMPNAME>SET_COSTINPUT</CMPNAME>
     <LANGU>E</LANGU>
     <DESCRIPT>Set Cost Element</DESCRIPT>
    </SEOCOMPOTX>
    <SEOCOMPOTX>
     <CLSNAME>ZCL_FI_COSTELEM_FACTORY</CLSNAME>
     <CMPNAME>SET_KEYDATE</CMPNAME>
     <LANGU>E</LANGU>
     <DESCRIPT>Set Key date</DESCRIPT>
    </SEOCOMPOTX>
   </DESCRIPTIONS>
  </asx:values>
 </asx:abap>
</abapGit>
