﻿<?xml version="1.0" encoding="utf-8"?>
<abapGit version="v1.0.0" serializer="LCL_OBJECT_CLAS" serializer_version="v1.0.0">
 <asx:abap xmlns:asx="http://www.sap.com/abapxml" version="1.0">
  <asx:values>
   <VSEOCLASS>
    <CLSNAME>ZCL_SWF_GLMAST</CLSNAME>
    <LANGU>E</LANGU>
    <DESCRIPT>Workflow Utility Class for GL &amp; its associated Master Data</DESCRIPT>
    <STATE>1</STATE>
    <CLSCCINCL>X</CLSCCINCL>
    <FIXPT>X</FIXPT>
    <UNICODE>X</UNICODE>
    <RSTAT>K</RSTAT>
    <MSG_ID>ZFI_GLMAST</MSG_ID>
   </VSEOCLASS>
   <DESCRIPTIONS>
    <SEOCOMPOTX>
     <CLSNAME>ZCL_SWF_GLMAST</CLSNAME>
     <CMPNAME>CONSTRUCTOR</CMPNAME>
     <LANGU>E</LANGU>
     <DESCRIPT>Object Constructor</DESCRIPT>
    </SEOCOMPOTX>
    <SEOCOMPOTX>
     <CLSNAME>ZCL_SWF_GLMAST</CLSNAME>
     <CMPNAME>CREATE</CMPNAME>
     <LANGU>E</LANGU>
     <DESCRIPT>Factory Create</DESCRIPT>
    </SEOCOMPOTX>
    <SEOCOMPOTX>
     <CLSNAME>ZCL_SWF_GLMAST</CLSNAME>
     <CMPNAME>GET_API_MODE</CMPNAME>
     <LANGU>E</LANGU>
     <DESCRIPT>Get API Mode</DESCRIPT>
    </SEOCOMPOTX>
    <SEOCOMPOTX>
     <CLSNAME>ZCL_SWF_GLMAST</CLSNAME>
     <CMPNAME>GET_APPROVERS</CMPNAME>
     <LANGU>E</LANGU>
     <DESCRIPT>Get Approvers for GL Master Data Maintenance</DESCRIPT>
    </SEOCOMPOTX>
    <SEOCOMPOTX>
     <CLSNAME>ZCL_SWF_GLMAST</CLSNAME>
     <CMPNAME>GET_APPRV_LVL</CMPNAME>
     <LANGU>E</LANGU>
     <DESCRIPT>Get Approver Level</DESCRIPT>
    </SEOCOMPOTX>
    <SEOCOMPOTX>
     <CLSNAME>ZCL_SWF_GLMAST</CLSNAME>
     <CMPNAME>GET_DESCRIPTION</CMPNAME>
     <LANGU>E</LANGU>
     <DESCRIPT>Get GL Account Description for WF Binding</DESCRIPT>
    </SEOCOMPOTX>
    <SEOCOMPOTX>
     <CLSNAME>ZCL_SWF_GLMAST</CLSNAME>
     <CMPNAME>GET_EMAIL_LIST</CMPNAME>
     <LANGU>E</LANGU>
     <DESCRIPT>Get list of Email addresses from Customising</DESCRIPT>
    </SEOCOMPOTX>
    <SEOCOMPOTX>
     <CLSNAME>ZCL_SWF_GLMAST</CLSNAME>
     <CMPNAME>GET_FORM_DATA</CMPNAME>
     <LANGU>E</LANGU>
     <DESCRIPT>Get ISR Form data</DESCRIPT>
    </SEOCOMPOTX>
    <SEOCOMPOTX>
     <CLSNAME>ZCL_SWF_GLMAST</CLSNAME>
     <CMPNAME>GET_GLACCOUNT</CMPNAME>
     <LANGU>E</LANGU>
     <DESCRIPT>Get GL Account Number</DESCRIPT>
    </SEOCOMPOTX>
    <SEOCOMPOTX>
     <CLSNAME>ZCL_SWF_GLMAST</CLSNAME>
     <CMPNAME>GET_INSTANCE</CMPNAME>
     <LANGU>E</LANGU>
     <DESCRIPT>Singleton</DESCRIPT>
    </SEOCOMPOTX>
    <SEOCOMPOTX>
     <CLSNAME>ZCL_SWF_GLMAST</CLSNAME>
     <CMPNAME>GET_REQUEST_TEXT</CMPNAME>
     <LANGU>E</LANGU>
     <DESCRIPT>Get Request Type Text</DESCRIPT>
    </SEOCOMPOTX>
    <SEOCOMPOTX>
     <CLSNAME>ZCL_SWF_GLMAST</CLSNAME>
     <CMPNAME>GET_VALUE</CMPNAME>
     <LANGU>E</LANGU>
     <DESCRIPT>Get value of a Characteristic for the ISR Form instance</DESCRIPT>
    </SEOCOMPOTX>
    <SEOCOMPOTX>
     <CLSNAME>ZCL_SWF_GLMAST</CLSNAME>
     <CMPNAME>GET_VALUE_ALL</CMPNAME>
     <LANGU>E</LANGU>
     <DESCRIPT>Get all Characteristics for the ISR Form instance</DESCRIPT>
    </SEOCOMPOTX>
    <SEOCOMPOTX>
     <CLSNAME>ZCL_SWF_GLMAST</CLSNAME>
     <CMPNAME>IS_COMPLETE</CMPNAME>
     <LANGU>E</LANGU>
     <DESCRIPT>Is the Notification Complete?</DESCRIPT>
    </SEOCOMPOTX>
    <SEOCOMPOTX>
     <CLSNAME>ZCL_SWF_GLMAST</CLSNAME>
     <CMPNAME>IS_UPDATE_ERROR</CMPNAME>
     <LANGU>E</LANGU>
     <DESCRIPT>Update of Master Data Failed?</DESCRIPT>
    </SEOCOMPOTX>
    <SEOCOMPOTX>
     <CLSNAME>ZCL_SWF_GLMAST</CLSNAME>
     <CMPNAME>MAINTAIN</CMPNAME>
     <LANGU>E</LANGU>
     <DESCRIPT>Create/Update all Master Data objects</DESCRIPT>
    </SEOCOMPOTX>
    <SEOCOMPOTX>
     <CLSNAME>ZCL_SWF_GLMAST</CLSNAME>
     <CMPNAME>MAINTAIN_MASTERDATA</CMPNAME>
     <LANGU>E</LANGU>
     <DESCRIPT>Maintain Master Data</DESCRIPT>
    </SEOCOMPOTX>
    <SEOCOMPOTX>
     <CLSNAME>ZCL_SWF_GLMAST</CLSNAME>
     <CMPNAME>READ_GLTEXT</CMPNAME>
     <LANGU>E</LANGU>
     <DESCRIPT>Read GL Account Text</DESCRIPT>
    </SEOCOMPOTX>
    <SEOCOMPOTX>
     <CLSNAME>ZCL_SWF_GLMAST</CLSNAME>
     <CMPNAME>SET_API_MODE</CMPNAME>
     <LANGU>E</LANGU>
     <DESCRIPT>Set API Mode</DESCRIPT>
    </SEOCOMPOTX>
    <SEOCOMPOTX>
     <CLSNAME>ZCL_SWF_GLMAST</CLSNAME>
     <CMPNAME>SET_APPRV_LVL</CMPNAME>
     <LANGU>E</LANGU>
     <DESCRIPT>Set Approver Level</DESCRIPT>
    </SEOCOMPOTX>
    <SEOCOMPOTX>
     <CLSNAME>ZCL_SWF_GLMAST</CLSNAME>
     <CMPNAME>SET_PLVAR</CMPNAME>
     <LANGU>E</LANGU>
     <DESCRIPT>Set Plan Version</DESCRIPT>
    </SEOCOMPOTX>
    <SEOCOMPOTX>
     <CLSNAME>ZCL_SWF_GLMAST</CLSNAME>
     <CMPNAME>SIMULATE</CMPNAME>
     <LANGU>E</LANGU>
     <DESCRIPT>Simulate Master Data Object Creation</DESCRIPT>
    </SEOCOMPOTX>
   </DESCRIPTIONS>
  </asx:values>
 </asx:abap>
</abapGit>
