﻿<?xml version="1.0" encoding="utf-8"?>
<abapGit version="v1.0.0" serializer="LCL_OBJECT_CLAS" serializer_version="v1.0.0">
 <asx:abap xmlns:asx="http://www.sap.com/abapxml" version="1.0">
  <asx:values>
   <VSEOCLASS>
    <CLSNAME>ZCL_FI_GLMAST_API_EXTEND</CLSNAME>
    <LANGU>E</LANGU>
    <DESCRIPT>FI GLMAST API Extension for FI-GL object</DESCRIPT>
    <STATE>1</STATE>
    <CLSCCINCL>X</CLSCCINCL>
    <FIXPT>X</FIXPT>
    <UNICODE>X</UNICODE>
   </VSEOCLASS>
   <DESCRIPTIONS>
    <SEOCOMPOTX>
     <CLSNAME>ZCL_FI_GLMAST_API_EXTEND</CLSNAME>
     <CMPNAME>GET_BUKRS</CMPNAME>
     <LANGU>E</LANGU>
     <DESCRIPT>Get Company Code</DESCRIPT>
    </SEOCOMPOTX>
    <SEOCOMPOTX>
     <CLSNAME>ZCL_FI_GLMAST_API_EXTEND</CLSNAME>
     <CMPNAME>GET_CCODE_ADDITIONAL_DATA</CMPNAME>
     <LANGU>E</LANGU>
     <DESCRIPT>Get Additional Data for Company Code</DESCRIPT>
    </SEOCOMPOTX>
    <SEOCOMPOTX>
     <CLSNAME>ZCL_FI_GLMAST_API_EXTEND</CLSNAME>
     <CMPNAME>GET_COA_ADDITIONAL_DATA</CMPNAME>
     <LANGU>E</LANGU>
     <DESCRIPT>Get Additional Data for Chart of Account</DESCRIPT>
    </SEOCOMPOTX>
    <SEOCOMPOTX>
     <CLSNAME>ZCL_FI_GLMAST_API_EXTEND</CLSNAME>
     <CMPNAME>GET_KTOPL</CMPNAME>
     <LANGU>E</LANGU>
     <DESCRIPT>Get Chart of Account</DESCRIPT>
    </SEOCOMPOTX>
    <SEOCOMPOTX>
     <CLSNAME>ZCL_FI_GLMAST_API_EXTEND</CLSNAME>
     <CMPNAME>GET_SAKNR</CMPNAME>
     <LANGU>E</LANGU>
     <DESCRIPT>Get GL Account</DESCRIPT>
    </SEOCOMPOTX>
    <SEOCOMPOTX>
     <CLSNAME>ZCL_FI_GLMAST_API_EXTEND</CLSNAME>
     <CMPNAME>SET_BUKRS</CMPNAME>
     <LANGU>E</LANGU>
     <DESCRIPT>Set Company Code</DESCRIPT>
    </SEOCOMPOTX>
    <SEOCOMPOTX>
     <CLSNAME>ZCL_FI_GLMAST_API_EXTEND</CLSNAME>
     <CMPNAME>SET_KTOPL</CMPNAME>
     <LANGU>E</LANGU>
     <DESCRIPT>GSet Chart of Account</DESCRIPT>
    </SEOCOMPOTX>
    <SEOCOMPOTX>
     <CLSNAME>ZCL_FI_GLMAST_API_EXTEND</CLSNAME>
     <CMPNAME>SET_SAKNR</CMPNAME>
     <LANGU>E</LANGU>
     <DESCRIPT>Set GL Account</DESCRIPT>
    </SEOCOMPOTX>
   </DESCRIPTIONS>
  </asx:values>
 </asx:abap>
</abapGit>
