﻿<?xml version="1.0" encoding="utf-8"?>
<abapGit version="v1.0.0" serializer="LCL_OBJECT_CLAS" serializer_version="v1.0.0">
 <asx:abap xmlns:asx="http://www.sap.com/abapxml" version="1.0">
  <asx:values>
   <VSEOCLASS>
    <CLSNAME>ZCL_FICO_MASTERDATA</CLSNAME>
    <LANGU>E</LANGU>
    <DESCRIPT>Abstract Class for FI-CO Masterdata</DESCRIPT>
    <STATE>1</STATE>
    <CLSCCINCL>X</CLSCCINCL>
    <FIXPT>X</FIXPT>
    <UNICODE>X</UNICODE>
    <RSTAT>K</RSTAT>
    <MSG_ID>ZFI</MSG_ID>
   </VSEOCLASS>
   <DESCRIPTIONS>
    <SEOCOMPOTX>
     <CLSNAME>ZCL_FICO_MASTERDATA</CLSNAME>
     <CMPNAME>CHECK_MODE</CMPNAME>
     <LANGU>E</LANGU>
     <DESCRIPT>Check API Mode</DESCRIPT>
    </SEOCOMPOTX>
    <SEOCOMPOTX>
     <CLSNAME>ZCL_FICO_MASTERDATA</CLSNAME>
     <CMPNAME>CLEAR</CMPNAME>
     <LANGU>E</LANGU>
     <DESCRIPT>Clear Attributes</DESCRIPT>
    </SEOCOMPOTX>
    <SEOCOMPOTX>
     <CLSNAME>ZCL_FICO_MASTERDATA</CLSNAME>
     <CMPNAME>GET_COMMIT</CMPNAME>
     <LANGU>E</LANGU>
     <DESCRIPT>Get Commit Flag</DESCRIPT>
    </SEOCOMPOTX>
    <SEOCOMPOTX>
     <CLSNAME>ZCL_FICO_MASTERDATA</CLSNAME>
     <CMPNAME>GET_INSTANCE</CMPNAME>
     <LANGU>E</LANGU>
     <DESCRIPT>Singleton</DESCRIPT>
    </SEOCOMPOTX>
    <SEOCOMPOTX>
     <CLSNAME>ZCL_FICO_MASTERDATA</CLSNAME>
     <CMPNAME>GET_MODE</CMPNAME>
     <LANGU>E</LANGU>
     <DESCRIPT>Get API Run mode</DESCRIPT>
    </SEOCOMPOTX>
    <SEOCOMPOTX>
     <CLSNAME>ZCL_FICO_MASTERDATA</CLSNAME>
     <CMPNAME>GET_SIMULATE</CMPNAME>
     <LANGU>E</LANGU>
     <DESCRIPT>Get Simulation mode</DESCRIPT>
    </SEOCOMPOTX>
    <SEOCOMPOTX>
     <CLSNAME>ZCL_FICO_MASTERDATA</CLSNAME>
     <CMPNAME>GET_WAIT</CMPNAME>
     <LANGU>E</LANGU>
     <DESCRIPT>Get Wait parameter for Commit</DESCRIPT>
    </SEOCOMPOTX>
    <SEOCOMPOTX>
     <CLSNAME>ZCL_FICO_MASTERDATA</CLSNAME>
     <CMPNAME>SET_COMMIT</CMPNAME>
     <LANGU>E</LANGU>
     <DESCRIPT>Set Commit Flag</DESCRIPT>
    </SEOCOMPOTX>
    <SEOCOMPOTX>
     <CLSNAME>ZCL_FICO_MASTERDATA</CLSNAME>
     <CMPNAME>SET_MODE</CMPNAME>
     <LANGU>E</LANGU>
     <DESCRIPT>Set API Simulation Mode</DESCRIPT>
    </SEOCOMPOTX>
    <SEOCOMPOTX>
     <CLSNAME>ZCL_FICO_MASTERDATA</CLSNAME>
     <CMPNAME>SET_SIMULATE</CMPNAME>
     <LANGU>E</LANGU>
     <DESCRIPT>Set Simulation mode</DESCRIPT>
    </SEOCOMPOTX>
    <SEOCOMPOTX>
     <CLSNAME>ZCL_FICO_MASTERDATA</CLSNAME>
     <CMPNAME>SET_WAIT</CMPNAME>
     <LANGU>E</LANGU>
     <DESCRIPT>Set Wait parameter for Commit</DESCRIPT>
    </SEOCOMPOTX>
    <SEOCOMPOTX>
     <CLSNAME>ZCL_FICO_MASTERDATA</CLSNAME>
     <CMPNAME>_COMMIT</CMPNAME>
     <LANGU>E</LANGU>
     <DESCRIPT>To Commit or not to</DESCRIPT>
    </SEOCOMPOTX>
   </DESCRIPTIONS>
  </asx:values>
 </asx:abap>
</abapGit>
