﻿<?xml version="1.0" encoding="utf-8"?>
<abapGit version="v1.0.0" serializer="LCL_OBJECT_CLAS" serializer_version="v1.0.0">
 <asx:abap xmlns:asx="http://www.sap.com/abapxml" version="1.0">
  <asx:values>
   <VSEOCLASS>
    <CLSNAME>ZCL_FI_GLMAST_API</CLSNAME>
    <LANGU>E</LANGU>
    <DESCRIPT>API for FI GL Master Data</DESCRIPT>
    <STATE>1</STATE>
    <CLSCCINCL>X</CLSCCINCL>
    <FIXPT>X</FIXPT>
    <UNICODE>X</UNICODE>
    <RSTAT>K</RSTAT>
    <MSG_ID>ZFI</MSG_ID>
    <WITH_UNIT_TESTS>X</WITH_UNIT_TESTS>
   </VSEOCLASS>
   <DESCRIPTIONS>
    <SEOCOMPOTX>
     <CLSNAME>ZCL_FI_GLMAST_API</CLSNAME>
     <CMPNAME>CHECK_AUTH_GLMAST</CMPNAME>
     <LANGU>E</LANGU>
     <DESCRIPT>Check Read/Write Authorisation</DESCRIPT>
    </SEOCOMPOTX>
    <SEOCOMPOTX>
     <CLSNAME>ZCL_FI_GLMAST_API</CLSNAME>
     <CMPNAME>CHECK_BUKRS</CMPNAME>
     <LANGU>E</LANGU>
     <DESCRIPT>Check Company Code</DESCRIPT>
    </SEOCOMPOTX>
    <SEOCOMPOTX>
     <CLSNAME>ZCL_FI_GLMAST_API</CLSNAME>
     <CMPNAME>CHECK_DATA</CMPNAME>
     <LANGU>E</LANGU>
     <DESCRIPT>Check the data passed from outside</DESCRIPT>
    </SEOCOMPOTX>
    <SEOCOMPOTX>
     <CLSNAME>ZCL_FI_GLMAST_API</CLSNAME>
     <CMPNAME>CHECK_GL</CMPNAME>
     <LANGU>E</LANGU>
     <DESCRIPT>Check GL Account exist</DESCRIPT>
    </SEOCOMPOTX>
    <SEOCOMPOTX>
     <CLSNAME>ZCL_FI_GLMAST_API</CLSNAME>
     <CMPNAME>CHECK_GL_CCODE</CMPNAME>
     <LANGU>E</LANGU>
     <DESCRIPT>Check GL Account exist in the Company Code</DESCRIPT>
    </SEOCOMPOTX>
    <SEOCOMPOTX>
     <CLSNAME>ZCL_FI_GLMAST_API</CLSNAME>
     <CMPNAME>CHECK_GL_COA</CMPNAME>
     <LANGU>E</LANGU>
     <DESCRIPT>Check GL Account exist in the COA</DESCRIPT>
    </SEOCOMPOTX>
    <SEOCOMPOTX>
     <CLSNAME>ZCL_FI_GLMAST_API</CLSNAME>
     <CMPNAME>CHECK_GL_COA_CCODE</CMPNAME>
     <LANGU>E</LANGU>
     <DESCRIPT>Check GL Account in both COA and Company Code</DESCRIPT>
    </SEOCOMPOTX>
    <SEOCOMPOTX>
     <CLSNAME>ZCL_FI_GLMAST_API</CLSNAME>
     <CMPNAME>CHECK_KTOPL</CMPNAME>
     <LANGU>E</LANGU>
     <DESCRIPT>Check Chart of Accounts</DESCRIPT>
    </SEOCOMPOTX>
    <SEOCOMPOTX>
     <CLSNAME>ZCL_FI_GLMAST_API</CLSNAME>
     <CMPNAME>CHECK_MAINTAIN</CMPNAME>
     <LANGU>E</LANGU>
     <DESCRIPT>Check call to Maintain</DESCRIPT>
    </SEOCOMPOTX>
    <SEOCOMPOTX>
     <CLSNAME>ZCL_FI_GLMAST_API</CLSNAME>
     <CMPNAME>CHECK_READ</CMPNAME>
     <LANGU>E</LANGU>
     <DESCRIPT>Check Keys for Read</DESCRIPT>
    </SEOCOMPOTX>
    <SEOCOMPOTX>
     <CLSNAME>ZCL_FI_GLMAST_API</CLSNAME>
     <CMPNAME>CONSTRUCTOR</CMPNAME>
     <LANGU>E</LANGU>
     <DESCRIPT>GL API Object Constructor</DESCRIPT>
    </SEOCOMPOTX>
    <SEOCOMPOTX>
     <CLSNAME>ZCL_FI_GLMAST_API</CLSNAME>
     <CMPNAME>DEQUEUE</CMPNAME>
     <LANGU>E</LANGU>
     <DESCRIPT>UnLock GL Account</DESCRIPT>
    </SEOCOMPOTX>
    <SEOCOMPOTX>
     <CLSNAME>ZCL_FI_GLMAST_API</CLSNAME>
     <CMPNAME>ENQUEUE</CMPNAME>
     <LANGU>E</LANGU>
     <DESCRIPT>Lock GL Account for Update</DESCRIPT>
    </SEOCOMPOTX>
    <SEOCOMPOTX>
     <CLSNAME>ZCL_FI_GLMAST_API</CLSNAME>
     <CMPNAME>GET_ACCT_NAME</CMPNAME>
     <LANGU>E</LANGU>
     <DESCRIPT>Get GL Account Name</DESCRIPT>
    </SEOCOMPOTX>
    <SEOCOMPOTX>
     <CLSNAME>ZCL_FI_GLMAST_API</CLSNAME>
     <CMPNAME>GET_BUKRS</CMPNAME>
     <LANGU>E</LANGU>
     <DESCRIPT>Get Company Code</DESCRIPT>
    </SEOCOMPOTX>
    <SEOCOMPOTX>
     <CLSNAME>ZCL_FI_GLMAST_API</CLSNAME>
     <CMPNAME>GET_CCODE_DATA</CMPNAME>
     <LANGU>E</LANGU>
     <DESCRIPT>Get Company Code data</DESCRIPT>
    </SEOCOMPOTX>
    <SEOCOMPOTX>
     <CLSNAME>ZCL_FI_GLMAST_API</CLSNAME>
     <CMPNAME>GET_CCODE_REFACCT</CMPNAME>
     <LANGU>E</LANGU>
     <DESCRIPT>Get Company Code Reference GL Account</DESCRIPT>
    </SEOCOMPOTX>
    <SEOCOMPOTX>
     <CLSNAME>ZCL_FI_GLMAST_API</CLSNAME>
     <CMPNAME>GET_COA_DATA</CMPNAME>
     <LANGU>E</LANGU>
     <DESCRIPT>Get COA data</DESCRIPT>
    </SEOCOMPOTX>
    <SEOCOMPOTX>
     <CLSNAME>ZCL_FI_GLMAST_API</CLSNAME>
     <CMPNAME>GET_COA_REFACCT</CMPNAME>
     <LANGU>E</LANGU>
     <DESCRIPT>Get COA Reference GL Account</DESCRIPT>
    </SEOCOMPOTX>
    <SEOCOMPOTX>
     <CLSNAME>ZCL_FI_GLMAST_API</CLSNAME>
     <CMPNAME>GET_KEYWORD</CMPNAME>
     <LANGU>E</LANGU>
     <DESCRIPT>Get GL Account Keyword</DESCRIPT>
    </SEOCOMPOTX>
    <SEOCOMPOTX>
     <CLSNAME>ZCL_FI_GLMAST_API</CLSNAME>
     <CMPNAME>GET_KTOPL</CMPNAME>
     <LANGU>E</LANGU>
     <DESCRIPT>Get Chart of Accounts</DESCRIPT>
    </SEOCOMPOTX>
    <SEOCOMPOTX>
     <CLSNAME>ZCL_FI_GLMAST_API</CLSNAME>
     <CMPNAME>GET_KTOPL_CCODE</CMPNAME>
     <LANGU>E</LANGU>
     <DESCRIPT>Get COA from Company Code</DESCRIPT>
    </SEOCOMPOTX>
    <SEOCOMPOTX>
     <CLSNAME>ZCL_FI_GLMAST_API</CLSNAME>
     <CMPNAME>GET_REF</CMPNAME>
     <LANGU>E</LANGU>
     <DESCRIPT>Get Reference GL Account</DESCRIPT>
    </SEOCOMPOTX>
    <SEOCOMPOTX>
     <CLSNAME>ZCL_FI_GLMAST_API</CLSNAME>
     <CMPNAME>GET_REFACCT_NAME</CMPNAME>
     <LANGU>E</LANGU>
     <DESCRIPT>Get Reference GL Account Name</DESCRIPT>
    </SEOCOMPOTX>
    <SEOCOMPOTX>
     <CLSNAME>ZCL_FI_GLMAST_API</CLSNAME>
     <CMPNAME>GET_REFKEYWORD</CMPNAME>
     <LANGU>E</LANGU>
     <DESCRIPT>Get Reference GL Account Keyword</DESCRIPT>
    </SEOCOMPOTX>
    <SEOCOMPOTX>
     <CLSNAME>ZCL_FI_GLMAST_API</CLSNAME>
     <CMPNAME>GET_SAKNR</CMPNAME>
     <LANGU>E</LANGU>
     <DESCRIPT>Get GL Account</DESCRIPT>
    </SEOCOMPOTX>
    <SEOCOMPOTX>
     <CLSNAME>ZCL_FI_GLMAST_API</CLSNAME>
     <CMPNAME>MAINTAIN</CMPNAME>
     <LANGU>E</LANGU>
     <DESCRIPT>Maintain Single GL Account Master Data</DESCRIPT>
    </SEOCOMPOTX>
    <SEOCOMPOTX>
     <CLSNAME>ZCL_FI_GLMAST_API</CLSNAME>
     <CMPNAME>READ_GLMAST</CMPNAME>
     <LANGU>E</LANGU>
     <DESCRIPT>Read GL Master Data for single COA and/or Comp Code</DESCRIPT>
    </SEOCOMPOTX>
    <SEOCOMPOTX>
     <CLSNAME>ZCL_FI_GLMAST_API</CLSNAME>
     <CMPNAME>READ_GL_BLOCKS</CMPNAME>
     <LANGU>E</LANGU>
     <DESCRIPT>Read GL Account Blocked Indicators</DESCRIPT>
    </SEOCOMPOTX>
    <SEOCOMPOTX>
     <CLSNAME>ZCL_FI_GLMAST_API</CLSNAME>
     <CMPNAME>READ_SKA1</CMPNAME>
     <LANGU>E</LANGU>
     <DESCRIPT>Reads table SKA1 with its Key</DESCRIPT>
    </SEOCOMPOTX>
    <SEOCOMPOTX>
     <CLSNAME>ZCL_FI_GLMAST_API</CLSNAME>
     <CMPNAME>READ_SKB1</CMPNAME>
     <LANGU>E</LANGU>
     <DESCRIPT>Reads table SKB1 with its Key</DESCRIPT>
    </SEOCOMPOTX>
    <SEOCOMPOTX>
     <CLSNAME>ZCL_FI_GLMAST_API</CLSNAME>
     <CMPNAME>SET_ACCT_NAME</CMPNAME>
     <LANGU>E</LANGU>
     <DESCRIPT>Set GL Account Name</DESCRIPT>
    </SEOCOMPOTX>
    <SEOCOMPOTX>
     <CLSNAME>ZCL_FI_GLMAST_API</CLSNAME>
     <CMPNAME>SET_BUKRS</CMPNAME>
     <LANGU>E</LANGU>
     <DESCRIPT>Set Company Code</DESCRIPT>
    </SEOCOMPOTX>
    <SEOCOMPOTX>
     <CLSNAME>ZCL_FI_GLMAST_API</CLSNAME>
     <CMPNAME>SET_CCODE_DATA</CMPNAME>
     <LANGU>E</LANGU>
     <DESCRIPT>Set Company Code data</DESCRIPT>
    </SEOCOMPOTX>
    <SEOCOMPOTX>
     <CLSNAME>ZCL_FI_GLMAST_API</CLSNAME>
     <CMPNAME>SET_CCODE_REFACCT</CMPNAME>
     <LANGU>E</LANGU>
     <DESCRIPT>Set Company Code Reference GL Account</DESCRIPT>
    </SEOCOMPOTX>
    <SEOCOMPOTX>
     <CLSNAME>ZCL_FI_GLMAST_API</CLSNAME>
     <CMPNAME>SET_COA_BLOCK</CMPNAME>
     <LANGU>E</LANGU>
     <DESCRIPT>Set Posting Block in Chart of Accounts</DESCRIPT>
    </SEOCOMPOTX>
    <SEOCOMPOTX>
     <CLSNAME>ZCL_FI_GLMAST_API</CLSNAME>
     <CMPNAME>SET_COA_DATA</CMPNAME>
     <LANGU>E</LANGU>
     <DESCRIPT>Set COA data</DESCRIPT>
    </SEOCOMPOTX>
    <SEOCOMPOTX>
     <CLSNAME>ZCL_FI_GLMAST_API</CLSNAME>
     <CMPNAME>SET_COA_DELETE</CMPNAME>
     <LANGU>E</LANGU>
     <DESCRIPT>Set Deletion Flag in Chart of Accounts</DESCRIPT>
    </SEOCOMPOTX>
    <SEOCOMPOTX>
     <CLSNAME>ZCL_FI_GLMAST_API</CLSNAME>
     <CMPNAME>SET_COA_REFACCT</CMPNAME>
     <LANGU>E</LANGU>
     <DESCRIPT>Set COA Reference GL Account</DESCRIPT>
    </SEOCOMPOTX>
    <SEOCOMPOTX>
     <CLSNAME>ZCL_FI_GLMAST_API</CLSNAME>
     <CMPNAME>SET_KEYWORD</CMPNAME>
     <LANGU>E</LANGU>
     <DESCRIPT>Set GL Account Keyword</DESCRIPT>
    </SEOCOMPOTX>
    <SEOCOMPOTX>
     <CLSNAME>ZCL_FI_GLMAST_API</CLSNAME>
     <CMPNAME>SET_KTOPL</CMPNAME>
     <LANGU>E</LANGU>
     <DESCRIPT>Set Chart of Accounts</DESCRIPT>
    </SEOCOMPOTX>
    <SEOCOMPOTX>
     <CLSNAME>ZCL_FI_GLMAST_API</CLSNAME>
     <CMPNAME>SET_REF</CMPNAME>
     <LANGU>E</LANGU>
     <DESCRIPT>Set Reference GL Account</DESCRIPT>
    </SEOCOMPOTX>
    <SEOCOMPOTX>
     <CLSNAME>ZCL_FI_GLMAST_API</CLSNAME>
     <CMPNAME>SET_SAKNR</CMPNAME>
     <LANGU>E</LANGU>
     <DESCRIPT>Set GL Account</DESCRIPT>
    </SEOCOMPOTX>
    <SEOCOMPOTX>
     <CLSNAME>ZCL_FI_GLMAST_API</CLSNAME>
     <CMPNAME>_ACCT_NAME_MAPPER</CMPNAME>
     <LANGU>E</LANGU>
     <DESCRIPT>Mapping for Account Name</DESCRIPT>
    </SEOCOMPOTX>
    <SEOCOMPOTX>
     <CLSNAME>ZCL_FI_GLMAST_API</CLSNAME>
     <CMPNAME>_CCODE_MAPPER</CMPNAME>
     <LANGU>E</LANGU>
     <DESCRIPT>Mapping for Company Code</DESCRIPT>
    </SEOCOMPOTX>
    <SEOCOMPOTX>
     <CLSNAME>ZCL_FI_GLMAST_API</CLSNAME>
     <CMPNAME>_COA_MAPPER</CMPNAME>
     <LANGU>E</LANGU>
     <DESCRIPT>Mapping for COA</DESCRIPT>
    </SEOCOMPOTX>
    <SEOCOMPOTX>
     <CLSNAME>ZCL_FI_GLMAST_API</CLSNAME>
     <CMPNAME>_GET_ACCT_NAME</CMPNAME>
     <LANGU>E</LANGU>
     <DESCRIPT>Get GL Account Name</DESCRIPT>
    </SEOCOMPOTX>
    <SEOCOMPOTX>
     <CLSNAME>ZCL_FI_GLMAST_API</CLSNAME>
     <CMPNAME>_GET_KEYWORD</CMPNAME>
     <LANGU>E</LANGU>
     <DESCRIPT>Get GL Account Keyword</DESCRIPT>
    </SEOCOMPOTX>
    <SEOCOMPOTX>
     <CLSNAME>ZCL_FI_GLMAST_API</CLSNAME>
     <CMPNAME>_GET_MAP_CCODE</CMPNAME>
     <LANGU>E</LANGU>
     <DESCRIPT>Get Company Code Mappings</DESCRIPT>
    </SEOCOMPOTX>
    <SEOCOMPOTX>
     <CLSNAME>ZCL_FI_GLMAST_API</CLSNAME>
     <CMPNAME>_GET_MAP_COA</CMPNAME>
     <LANGU>E</LANGU>
     <DESCRIPT>Get COA Mappings</DESCRIPT>
    </SEOCOMPOTX>
    <SEOCOMPOTX>
     <CLSNAME>ZCL_FI_GLMAST_API</CLSNAME>
     <CMPNAME>_IS_CCODE_BYREF</CMPNAME>
     <LANGU>E</LANGU>
     <DESCRIPT>Is created by Company Code Reference?</DESCRIPT>
    </SEOCOMPOTX>
    <SEOCOMPOTX>
     <CLSNAME>ZCL_FI_GLMAST_API</CLSNAME>
     <CMPNAME>_IS_COA_BYREF</CMPNAME>
     <LANGU>E</LANGU>
     <DESCRIPT>Is created by COA Reference?</DESCRIPT>
    </SEOCOMPOTX>
    <SEOCOMPOTX>
     <CLSNAME>ZCL_FI_GLMAST_API</CLSNAME>
     <CMPNAME>_KEYWORD_MAPPER</CMPNAME>
     <LANGU>E</LANGU>
     <DESCRIPT>Mapping for Keyword</DESCRIPT>
    </SEOCOMPOTX>
    <SEOCOMPOTX>
     <CLSNAME>ZCL_FI_GLMAST_API</CLSNAME>
     <CMPNAME>_MAINTAIN</CMPNAME>
     <LANGU>E</LANGU>
     <DESCRIPT>Handle Maintenance</DESCRIPT>
    </SEOCOMPOTX>
    <SEOCOMPOTX>
     <CLSNAME>ZCL_FI_GLMAST_API</CLSNAME>
     <CMPNAME>_SAVE</CMPNAME>
     <LANGU>E</LANGU>
     <DESCRIPT>Insert/Update/Delete of Master Data object</DESCRIPT>
    </SEOCOMPOTX>
    <SEOCOMPOTX>
     <CLSNAME>ZCL_FI_GLMAST_API</CLSNAME>
     <CMPNAME>_SET_ACCT_NAME</CMPNAME>
     <LANGU>E</LANGU>
     <DESCRIPT>Set GL Account Name</DESCRIPT>
    </SEOCOMPOTX>
    <SEOCOMPOTX>
     <CLSNAME>ZCL_FI_GLMAST_API</CLSNAME>
     <CMPNAME>_SET_KEYWORD</CMPNAME>
     <LANGU>E</LANGU>
     <DESCRIPT>Set GL Account Keyword</DESCRIPT>
    </SEOCOMPOTX>
    <SEOCOMPOTX>
     <CLSNAME>ZCL_FI_GLMAST_API</CLSNAME>
     <CMPNAME>_SET_MAP_CCODE</CMPNAME>
     <LANGU>E</LANGU>
     <DESCRIPT>Set Company Code Mappings</DESCRIPT>
    </SEOCOMPOTX>
    <SEOCOMPOTX>
     <CLSNAME>ZCL_FI_GLMAST_API</CLSNAME>
     <CMPNAME>_SET_MAP_COA</CMPNAME>
     <LANGU>E</LANGU>
     <DESCRIPT>Set COA Mappings</DESCRIPT>
    </SEOCOMPOTX>
   </DESCRIPTIONS>
  </asx:values>
 </asx:abap>
</abapGit>
