﻿<?xml version="1.0" encoding="utf-8"?>
<abapGit version="v1.0.0" serializer="LCL_OBJECT_CLAS" serializer_version="v1.0.0">
 <asx:abap xmlns:asx="http://www.sap.com/abapxml" version="1.0">
  <asx:values>
   <VSEOCLASS>
    <CLSNAME>ZCL_FI_GLMAST_FACTORY</CLSNAME>
    <LANGU>E</LANGU>
    <DESCRIPT>Factory Class for FI Masterdata</DESCRIPT>
    <STATE>1</STATE>
    <CLSCCINCL>X</CLSCCINCL>
    <FIXPT>X</FIXPT>
    <UNICODE>X</UNICODE>
    <RSTAT>K</RSTAT>
    <MSG_ID>ZFI</MSG_ID>
   </VSEOCLASS>
   <DESCRIPTIONS>
    <SEOCOMPOTX>
     <CLSNAME>ZCL_FI_GLMAST_FACTORY</CLSNAME>
     <CMPNAME>ASSIGN_FSV</CMPNAME>
     <LANGU>E</LANGU>
     <DESCRIPT>Assign GL Account to FSV</DESCRIPT>
    </SEOCOMPOTX>
    <SEOCOMPOTX>
     <CLSNAME>ZCL_FI_GLMAST_FACTORY</CLSNAME>
     <CMPNAME>CONSTRUCTOR</CMPNAME>
     <LANGU>E</LANGU>
     <DESCRIPT>Factory Object Constructor</DESCRIPT>
    </SEOCOMPOTX>
    <SEOCOMPOTX>
     <CLSNAME>ZCL_FI_GLMAST_FACTORY</CLSNAME>
     <CMPNAME>GET_ACCT_NAME</CMPNAME>
     <LANGU>E</LANGU>
     <DESCRIPT>Get GL Account Name</DESCRIPT>
    </SEOCOMPOTX>
    <SEOCOMPOTX>
     <CLSNAME>ZCL_FI_GLMAST_FACTORY</CLSNAME>
     <CMPNAME>GET_BUKRS</CMPNAME>
     <LANGU>E</LANGU>
     <DESCRIPT>Get Company Code</DESCRIPT>
    </SEOCOMPOTX>
    <SEOCOMPOTX>
     <CLSNAME>ZCL_FI_GLMAST_FACTORY</CLSNAME>
     <CMPNAME>GET_CCODE_DATA</CMPNAME>
     <LANGU>E</LANGU>
     <DESCRIPT>Get Company Code data</DESCRIPT>
    </SEOCOMPOTX>
    <SEOCOMPOTX>
     <CLSNAME>ZCL_FI_GLMAST_FACTORY</CLSNAME>
     <CMPNAME>GET_COA_DATA</CMPNAME>
     <LANGU>E</LANGU>
     <DESCRIPT>Get Chart of Accounts data</DESCRIPT>
    </SEOCOMPOTX>
    <SEOCOMPOTX>
     <CLSNAME>ZCL_FI_GLMAST_FACTORY</CLSNAME>
     <CMPNAME>GET_ERGSL</CMPNAME>
     <LANGU>E</LANGU>
     <DESCRIPT>Get FSV Item</DESCRIPT>
    </SEOCOMPOTX>
    <SEOCOMPOTX>
     <CLSNAME>ZCL_FI_GLMAST_FACTORY</CLSNAME>
     <CMPNAME>GET_KEYWORD</CMPNAME>
     <LANGU>E</LANGU>
     <DESCRIPT>Get Keyword</DESCRIPT>
    </SEOCOMPOTX>
    <SEOCOMPOTX>
     <CLSNAME>ZCL_FI_GLMAST_FACTORY</CLSNAME>
     <CMPNAME>GET_KTOPL</CMPNAME>
     <LANGU>E</LANGU>
     <DESCRIPT>Get Chart of Accounts</DESCRIPT>
    </SEOCOMPOTX>
    <SEOCOMPOTX>
     <CLSNAME>ZCL_FI_GLMAST_FACTORY</CLSNAME>
     <CMPNAME>GET_SAKNR</CMPNAME>
     <LANGU>E</LANGU>
     <DESCRIPT>Get GL Account</DESCRIPT>
    </SEOCOMPOTX>
    <SEOCOMPOTX>
     <CLSNAME>ZCL_FI_GLMAST_FACTORY</CLSNAME>
     <CMPNAME>GET_VERSN</CMPNAME>
     <LANGU>E</LANGU>
     <DESCRIPT>Get FS Version</DESCRIPT>
    </SEOCOMPOTX>
    <SEOCOMPOTX>
     <CLSNAME>ZCL_FI_GLMAST_FACTORY</CLSNAME>
     <CMPNAME>READ_GLMAST</CMPNAME>
     <LANGU>E</LANGU>
     <DESCRIPT>Read GL Account Master Data (All attributes)</DESCRIPT>
    </SEOCOMPOTX>
    <SEOCOMPOTX>
     <CLSNAME>ZCL_FI_GLMAST_FACTORY</CLSNAME>
     <CMPNAME>READ_GL_BLOCKS</CMPNAME>
     <LANGU>E</LANGU>
     <DESCRIPT>Read GL Account Blocked Indicators</DESCRIPT>
    </SEOCOMPOTX>
    <SEOCOMPOTX>
     <CLSNAME>ZCL_FI_GLMAST_FACTORY</CLSNAME>
     <CMPNAME>SET_ACCT_NAME</CMPNAME>
     <LANGU>E</LANGU>
     <DESCRIPT>Set GL Account Name</DESCRIPT>
    </SEOCOMPOTX>
    <SEOCOMPOTX>
     <CLSNAME>ZCL_FI_GLMAST_FACTORY</CLSNAME>
     <CMPNAME>SET_API</CMPNAME>
     <LANGU>E</LANGU>
     <DESCRIPT>Set API Attributes</DESCRIPT>
    </SEOCOMPOTX>
    <SEOCOMPOTX>
     <CLSNAME>ZCL_FI_GLMAST_FACTORY</CLSNAME>
     <CMPNAME>SET_BUKRS</CMPNAME>
     <LANGU>E</LANGU>
     <DESCRIPT>Set Company Code</DESCRIPT>
    </SEOCOMPOTX>
    <SEOCOMPOTX>
     <CLSNAME>ZCL_FI_GLMAST_FACTORY</CLSNAME>
     <CMPNAME>SET_CCODE_DATA</CMPNAME>
     <LANGU>E</LANGU>
     <DESCRIPT>Set Company Code data</DESCRIPT>
    </SEOCOMPOTX>
    <SEOCOMPOTX>
     <CLSNAME>ZCL_FI_GLMAST_FACTORY</CLSNAME>
     <CMPNAME>SET_COA_BLOCK</CMPNAME>
     <LANGU>E</LANGU>
     <DESCRIPT>Set Posting Block in Chart of Accounts</DESCRIPT>
    </SEOCOMPOTX>
    <SEOCOMPOTX>
     <CLSNAME>ZCL_FI_GLMAST_FACTORY</CLSNAME>
     <CMPNAME>SET_COA_DATA</CMPNAME>
     <LANGU>E</LANGU>
     <DESCRIPT>Set Chart of Accounts data</DESCRIPT>
    </SEOCOMPOTX>
    <SEOCOMPOTX>
     <CLSNAME>ZCL_FI_GLMAST_FACTORY</CLSNAME>
     <CMPNAME>SET_COA_DELETE</CMPNAME>
     <LANGU>E</LANGU>
     <DESCRIPT>Set Deletion Flag in Chart of Accounts</DESCRIPT>
    </SEOCOMPOTX>
    <SEOCOMPOTX>
     <CLSNAME>ZCL_FI_GLMAST_FACTORY</CLSNAME>
     <CMPNAME>SET_ERGSL</CMPNAME>
     <LANGU>E</LANGU>
     <DESCRIPT>Set FSV Item</DESCRIPT>
    </SEOCOMPOTX>
    <SEOCOMPOTX>
     <CLSNAME>ZCL_FI_GLMAST_FACTORY</CLSNAME>
     <CMPNAME>SET_KEYWORD</CMPNAME>
     <LANGU>E</LANGU>
     <DESCRIPT>Set Keyword</DESCRIPT>
    </SEOCOMPOTX>
    <SEOCOMPOTX>
     <CLSNAME>ZCL_FI_GLMAST_FACTORY</CLSNAME>
     <CMPNAME>SET_KTOPL</CMPNAME>
     <LANGU>E</LANGU>
     <DESCRIPT>Set Chart of Accounts</DESCRIPT>
    </SEOCOMPOTX>
    <SEOCOMPOTX>
     <CLSNAME>ZCL_FI_GLMAST_FACTORY</CLSNAME>
     <CMPNAME>SET_SAKNR</CMPNAME>
     <LANGU>E</LANGU>
     <DESCRIPT>Set GL Account</DESCRIPT>
    </SEOCOMPOTX>
    <SEOCOMPOTX>
     <CLSNAME>ZCL_FI_GLMAST_FACTORY</CLSNAME>
     <CMPNAME>SET_VERSN</CMPNAME>
     <LANGU>E</LANGU>
     <DESCRIPT>Set FSV Version</DESCRIPT>
    </SEOCOMPOTX>
   </DESCRIPTIONS>
  </asx:values>
 </asx:abap>
</abapGit>
