﻿<?xml version="1.0" encoding="utf-8"?>
<abapGit version="v1.0.0" serializer="LCL_OBJECT_ENHO" serializer_version="v1.0.0">
 <asx:abap xmlns:asx="http://www.sap.com/abapxml" version="1.0">
  <asx:values>
   <TOOL>HOOK_IMPL</TOOL>
   <SHORTTEXT>Implicit Enhancement on BS Save (for GL Form process)</SHORTTEXT>
   <ORIGINAL_OBJECT>
    <PGMID>R3TR</PGMID>
    <ORG_OBJ_TYPE>FUGR</ORG_OBJ_TYPE>
    <ORG_OBJ_NAME>FIBS</ORG_OBJ_NAME>
    <ORG_MAIN_TYPE>FUGR</ORG_MAIN_TYPE>
    <ORG_MAIN_NAME>FIBS</ORG_MAIN_NAME>
    <PROGRAMNAME>SAPLFIBS</PROGRAMNAME>
   </ORIGINAL_OBJECT>
   <ENHANCEMENTS>
    <ENH_HOOK_IMPL>
     <PROGRAMNAME>SAPLFIBS</PROGRAMNAME>
     <ENHMODE>D</ENHMODE>
     <FULL_NAME>\PR:SAPLFIBS\FO:FAGL_POSTAB_TO_011PC\SE:BEGIN\EI</FULL_NAME>
     <SOURCE>
      <item/>
      <item>  DATA: l_mem TYPE string.</item>
      <item/>
      <item>  IMPORT l_mem FROM MEMORY ID &apos;TAFE_GL&apos;.</item>
      <item/>
      <item>  IF sy-subrc = 0 AND l_mem = &apos;TAFE_GL&apos; AND sy-tcode &lt;&gt; |FSE2|.</item>
      <item>   BREAK-POINT ID Z_DEC_CHCKPOINT.</item>
      <item>   SELECT * FROM fagl_011pc</item>
      <item>    INTO TABLE pt_fagl_011pc</item>
      <item>    WHERE versn = bs_versn.</item>
      <item>   FREE MEMORY ID &apos;TAFE_GL&apos;.</item>
      <item>   RETURN.</item>
      <item>  ENDIF.</item>
      <item/>
     </SOURCE>
    </ENH_HOOK_IMPL>
    <ENH_HOOK_IMPL>
     <PROGRAMNAME>SAPLFIBS</PROGRAMNAME>
     <ENHMODE>D</ENHMODE>
     <FULL_NAME>\FU:FI_BS_CHECK_POPUP_INTERSECTION\SE:BEGIN\EI</FULL_NAME>
     <SOURCE>
      <item/>
      <item>  DATA: l_mem TYPE string.</item>
      <item/>
      <item>  IMPORT l_mem FROM MEMORY ID &apos;TAFE_GL&apos;.</item>
      <item/>
      <item>  IF sy-subrc = 0 AND l_mem = &apos;TAFE_GL&apos; AND sy-tcode &lt;&gt; |FSE2|.</item>
      <item>   BREAK-POINT ID Z_DEC_CHCKPOINT.</item>
      <item>   PERFORM CHECK_INTERSECTION_ALL USING G_FLG_INTERSECTION.</item>
      <item>   FLG_INTERSECTION = G_FLG_INTERSECTION.</item>
      <item>   RETURN.</item>
      <item>  ENDIF.</item>
      <item/>
     </SOURCE>
    </ENH_HOOK_IMPL>
   </ENHANCEMENTS>
   <SOTR>
    <item>
     <HEADER>
      <CONCEPT>005056AA186B1EDAB39DAC3B53D4D76E</CONCEPT>
      <CREA_LAN>E</CREA_LAN>
      <TRALA_TYPE>1</TRALA_TYPE>
      <OBJID_VEC>AAI=</OBJID_VEC>
     </HEADER>
     <ENTRIES>
      <SOTR_TEXT>
       <CONCEPT>005056AA186B1EDAB39DAC3B53D4D76E</CONCEPT>
       <LANGU>E</LANGU>
       <LFD_NUM>0001</LFD_NUM>
       <FLAG_CNTXT>X</FLAG_CNTXT>
       <STATUS>R</STATUS>
       <LENGTH>080</LENGTH>
       <TEXT>Implicit Enhancement on BS Save (for GL Form process)</TEXT>
      </SOTR_TEXT>
     </ENTRIES>
    </item>
   </SOTR>
   <SOTR_USE>
    <SOTR_USE>
     <PGMID>R3TR</PGMID>
     <OBJECT>ENHO</OBJECT>
     <OBJ_NAME>ZENH_IMPL_BS_SAVE</OBJ_NAME>
     <CONCEPT>005056AA186B1EDAB39DAC3B53D4D76E</CONCEPT>
     <LFD_NUM>0001</LFD_NUM>
    </SOTR_USE>
   </SOTR_USE>
  </asx:values>
 </asx:abap>
</abapGit>
