﻿<?xml version="1.0" encoding="utf-8"?>
<abapGit version="v1.0.0" serializer="LCL_OBJECT_FUGR" serializer_version="v1.0.0">
 <asx:abap xmlns:asx="http://www.sap.com/abapxml" version="1.0">
  <asx:values>
   <AREAT>Update Modules for FI-GL Master Data</AREAT>
   <INCLUDES>
    <SOBJ_NAME>LZFG_FL_GL_MASTER_UPDATETOP</SOBJ_NAME>
    <SOBJ_NAME>SAPLZFG_FL_GL_MASTER_UPDATE</SOBJ_NAME>
   </INCLUDES>
   <FUNCTIONS>
    <item>
     <FUNCNAME>ZFI_GL_GLMAST_UPDATE</FUNCNAME>
     <UPDATE_TASK>1</UPDATE_TASK>
     <SHORT_TEXT>Update Module for GLMAST</SHORT_TEXT>
     <IMPORT>
      <RSIMP>
       <PARAMETER>IV_NOTIFICATION</PARAMETER>
       <TYP>QMEL-QMNUM</TYP>
      </RSIMP>
     </IMPORT>
     <EXCEPTION>
      <RSEXC>
       <EXCEPTION>EX_UPDATE_ERROR</EXCEPTION>
      </RSEXC>
     </EXCEPTION>
     <DOCUMENTATION>
      <RSFDO>
       <PARAMETER>IV_NOTIFICATION</PARAMETER>
       <KIND>P</KIND>
      </RSFDO>
      <RSFDO>
       <PARAMETER>EX_UPDATE_ERROR</PARAMETER>
       <KIND>X</KIND>
      </RSFDO>
     </DOCUMENTATION>
    </item>
   </FUNCTIONS>
  </asx:values>
 </asx:abap>
</abapGit>
