﻿<?xml version="1.0" encoding="utf-8"?>
<abapGit version="v1.0.0" serializer="LCL_OBJECT_FUGR" serializer_version="v1.0.0">
 <asx:abap xmlns:asx="http://www.sap.com/abapxml" version="1.0">
  <asx:values>
   <AREAT>FI GL Master Data</AREAT>
   <INCLUDES>
    <SOBJ_NAME>LZFG_FI_GL_MASTERTOP</SOBJ_NAME>
    <SOBJ_NAME>SAPLZFG_FI_GL_MASTER</SOBJ_NAME>
   </INCLUDES>
   <FUNCTIONS>
    <item>
     <FUNCNAME>ZFI_GL_ASSIGN_FSV</FUNCNAME>
     <SHORT_TEXT>Assign Financial Stmt Version to GL Account</SHORT_TEXT>
     <IMPORT>
      <RSIMP>
       <PARAMETER>IV_VERSN</PARAMETER>
       <DEFAULT>&apos;1020&apos;</DEFAULT>
       <OPTIONAL>X</OPTIONAL>
       <TYP>T011-VERSN</TYP>
      </RSIMP>
      <RSIMP>
       <PARAMETER>IV_KTOPL</PARAMETER>
       <DEFAULT>&apos;1000&apos;</DEFAULT>
       <OPTIONAL>X</OPTIONAL>
       <TYP>SKA1-KTOPL</TYP>
      </RSIMP>
      <RSIMP>
       <PARAMETER>IV_SAKNR</PARAMETER>
       <TYP>SKA1-SAKNR</TYP>
      </RSIMP>
      <RSIMP>
       <PARAMETER>IV_ERGSL</PARAMETER>
       <TYP>RF011P-ERGSL</TYP>
      </RSIMP>
      <RSIMP>
       <PARAMETER>IV_COMMIT</PARAMETER>
       <DEFAULT>ABAP_TRUE</DEFAULT>
       <OPTIONAL>X</OPTIONAL>
       <TYP>BAPI_COMMIT_WORK-COMMIT_WORK</TYP>
      </RSIMP>
      <RSIMP>
       <PARAMETER>IV_WAIT</PARAMETER>
       <DEFAULT>ABAP_FALSE</DEFAULT>
       <OPTIONAL>X</OPTIONAL>
       <TYP>BAPITA-WAIT</TYP>
      </RSIMP>
     </IMPORT>
     <EXPORT>
      <RSEXP>
       <PARAMETER>EV_OK</PARAMETER>
       <REFERENCE>X</REFERENCE>
       <TYP>BOOLE-BOOLE</TYP>
      </RSEXP>
     </EXPORT>
     <EXCEPTION>
      <RSEXC>
       <EXCEPTION>EX_NO_AUTHORITY</EXCEPTION>
      </RSEXC>
      <RSEXC>
       <EXCEPTION>EX_GL_NO_EXIST</EXCEPTION>
      </RSEXC>
      <RSEXC>
       <EXCEPTION>EX_LOAD_ERROR</EXCEPTION>
      </RSEXC>
      <RSEXC>
       <EXCEPTION>EX_READ_ERROR</EXCEPTION>
      </RSEXC>
      <RSEXC>
       <EXCEPTION>EX_LOCK_ERROR</EXCEPTION>
      </RSEXC>
      <RSEXC>
       <EXCEPTION>EX_SAVE_ERROR</EXCEPTION>
      </RSEXC>
     </EXCEPTION>
     <DOCUMENTATION>
      <RSFDO>
       <PARAMETER>IV_VERSN</PARAMETER>
       <KIND>P</KIND>
       <STEXT>Financial Statement Version</STEXT>
      </RSFDO>
      <RSFDO>
       <PARAMETER>IV_KTOPL</PARAMETER>
       <KIND>P</KIND>
       <STEXT>Chart of Accounts</STEXT>
      </RSFDO>
      <RSFDO>
       <PARAMETER>IV_SAKNR</PARAMETER>
       <KIND>P</KIND>
       <STEXT>G/L Account Number</STEXT>
      </RSFDO>
      <RSFDO>
       <PARAMETER>IV_ERGSL</PARAMETER>
       <KIND>P</KIND>
       <STEXT>Financial Statement Item</STEXT>
      </RSFDO>
      <RSFDO>
       <PARAMETER>IV_COMMIT</PARAMETER>
       <KIND>P</KIND>
       <STEXT>Commit Flag: TRUE (=&apos;X&apos;) and FALSE (=&apos; &apos;)</STEXT>
      </RSFDO>
      <RSFDO>
       <PARAMETER>IV_WAIT</PARAMETER>
       <KIND>P</KIND>
      </RSFDO>
      <RSFDO>
       <PARAMETER>EV_OK</PARAMETER>
       <KIND>P</KIND>
       <STEXT>FSV Assigned: TRUE (=&apos;X&apos;) and FALSE (=&apos; &apos;)</STEXT>
      </RSFDO>
      <RSFDO>
       <PARAMETER>EX_NO_AUTHORITY</PARAMETER>
       <KIND>X</KIND>
      </RSFDO>
      <RSFDO>
       <PARAMETER>EX_GL_NO_EXIST</PARAMETER>
       <KIND>X</KIND>
      </RSFDO>
      <RSFDO>
       <PARAMETER>EX_LOAD_ERROR</PARAMETER>
       <KIND>X</KIND>
      </RSFDO>
      <RSFDO>
       <PARAMETER>EX_READ_ERROR</PARAMETER>
       <KIND>X</KIND>
      </RSFDO>
      <RSFDO>
       <PARAMETER>EX_LOCK_ERROR</PARAMETER>
       <KIND>X</KIND>
      </RSFDO>
      <RSFDO>
       <PARAMETER>EX_SAVE_ERROR</PARAMETER>
       <KIND>X</KIND>
      </RSFDO>
     </DOCUMENTATION>
    </item>
    <item>
     <FUNCNAME>ZFI_GL_READ_FSV</FUNCNAME>
     <SHORT_TEXT>Read FSV Tree</SHORT_TEXT>
     <IMPORT>
      <RSIMP>
       <PARAMETER>IV_VERSN</PARAMETER>
       <DEFAULT>&apos;1020&apos;</DEFAULT>
       <OPTIONAL>X</OPTIONAL>
       <REFERENCE>X</REFERENCE>
       <TYP>VERSN_011</TYP>
      </RSIMP>
     </IMPORT>
     <EXPORT>
      <RSEXP>
       <PARAMETER>RT_RESULT</PARAMETER>
       <REFERENCE>X</REFERENCE>
       <TYP>HRASR00HELP_DATASET_TAB</TYP>
      </RSEXP>
     </EXPORT>
     <EXCEPTION>
      <RSEXC>
       <EXCEPTION>EX_NO_AUTHORITY</EXCEPTION>
      </RSEXC>
      <RSEXC>
       <EXCEPTION>EX_LOAD_ERROR</EXCEPTION>
      </RSEXC>
      <RSEXC>
       <EXCEPTION>EX_READ_ERROR</EXCEPTION>
      </RSEXC>
     </EXCEPTION>
     <DOCUMENTATION>
      <RSFDO>
       <PARAMETER>IV_VERSN</PARAMETER>
       <KIND>P</KIND>
       <STEXT>Financial Statement Version</STEXT>
      </RSFDO>
      <RSFDO>
       <PARAMETER>RT_RESULT</PARAMETER>
       <KIND>P</KIND>
       <STEXT>Help Datasets</STEXT>
      </RSFDO>
      <RSFDO>
       <PARAMETER>EX_NO_AUTHORITY</PARAMETER>
       <KIND>X</KIND>
      </RSFDO>
      <RSFDO>
       <PARAMETER>EX_LOAD_ERROR</PARAMETER>
       <KIND>X</KIND>
      </RSFDO>
      <RSFDO>
       <PARAMETER>EX_READ_ERROR</PARAMETER>
       <KIND>X</KIND>
      </RSFDO>
     </DOCUMENTATION>
    </item>
    <item>
     <FUNCNAME>ZFI_GL_REASSIGN_FSV</FUNCNAME>
     <SHORT_TEXT>Reassign GL account to a different Node in the FSV Hierarchy</SHORT_TEXT>
     <IMPORT>
      <RSIMP>
       <PARAMETER>IV_VERSN</PARAMETER>
       <DEFAULT>&apos;1020&apos;</DEFAULT>
       <OPTIONAL>X</OPTIONAL>
       <TYP>T011-VERSN</TYP>
      </RSIMP>
      <RSIMP>
       <PARAMETER>IV_KTOPL</PARAMETER>
       <DEFAULT>&apos;1000&apos;</DEFAULT>
       <OPTIONAL>X</OPTIONAL>
       <TYP>SKA1-KTOPL</TYP>
      </RSIMP>
      <RSIMP>
       <PARAMETER>IV_SAKNR</PARAMETER>
       <TYP>SKA1-SAKNR</TYP>
      </RSIMP>
      <RSIMP>
       <PARAMETER>IV_ERGSL</PARAMETER>
       <TYP>RF011P-ERGSL</TYP>
      </RSIMP>
      <RSIMP>
       <PARAMETER>IV_COMMIT</PARAMETER>
       <DEFAULT>ABAP_TRUE</DEFAULT>
       <OPTIONAL>X</OPTIONAL>
       <TYP>BAPI_COMMIT_WORK-COMMIT_WORK</TYP>
      </RSIMP>
      <RSIMP>
       <PARAMETER>IV_WAIT</PARAMETER>
       <DEFAULT>ABAP_FALSE</DEFAULT>
       <OPTIONAL>X</OPTIONAL>
       <TYP>BAPITA-WAIT</TYP>
      </RSIMP>
     </IMPORT>
     <EXPORT>
      <RSEXP>
       <PARAMETER>EV_OK</PARAMETER>
       <REFERENCE>X</REFERENCE>
       <TYP>BOOLE-BOOLE</TYP>
      </RSEXP>
     </EXPORT>
     <EXCEPTION>
      <RSEXC>
       <EXCEPTION>EX_NO_AUTHORITY</EXCEPTION>
      </RSEXC>
      <RSEXC>
       <EXCEPTION>EX_GL_NO_EXIST</EXCEPTION>
      </RSEXC>
      <RSEXC>
       <EXCEPTION>EX_GL_NO_ASSIGN</EXCEPTION>
      </RSEXC>
      <RSEXC>
       <EXCEPTION>EX_LOAD_ERROR</EXCEPTION>
      </RSEXC>
      <RSEXC>
       <EXCEPTION>EX_READ_ERROR</EXCEPTION>
      </RSEXC>
      <RSEXC>
       <EXCEPTION>EX_LOCK_ERROR</EXCEPTION>
      </RSEXC>
      <RSEXC>
       <EXCEPTION>EX_MOVE_ERROR</EXCEPTION>
      </RSEXC>
      <RSEXC>
       <EXCEPTION>EX_SAVE_ERROR</EXCEPTION>
      </RSEXC>
     </EXCEPTION>
     <DOCUMENTATION>
      <RSFDO>
       <PARAMETER>IV_VERSN</PARAMETER>
       <KIND>P</KIND>
      </RSFDO>
      <RSFDO>
       <PARAMETER>IV_KTOPL</PARAMETER>
       <KIND>P</KIND>
      </RSFDO>
      <RSFDO>
       <PARAMETER>IV_SAKNR</PARAMETER>
       <KIND>P</KIND>
      </RSFDO>
      <RSFDO>
       <PARAMETER>IV_ERGSL</PARAMETER>
       <KIND>P</KIND>
      </RSFDO>
      <RSFDO>
       <PARAMETER>IV_COMMIT</PARAMETER>
       <KIND>P</KIND>
      </RSFDO>
      <RSFDO>
       <PARAMETER>IV_WAIT</PARAMETER>
       <KIND>P</KIND>
      </RSFDO>
      <RSFDO>
       <PARAMETER>EV_OK</PARAMETER>
       <KIND>P</KIND>
      </RSFDO>
      <RSFDO>
       <PARAMETER>EX_NO_AUTHORITY</PARAMETER>
       <KIND>X</KIND>
      </RSFDO>
      <RSFDO>
       <PARAMETER>EX_GL_NO_EXIST</PARAMETER>
       <KIND>X</KIND>
      </RSFDO>
      <RSFDO>
       <PARAMETER>EX_GL_NO_ASSIGN</PARAMETER>
       <KIND>X</KIND>
      </RSFDO>
      <RSFDO>
       <PARAMETER>EX_LOAD_ERROR</PARAMETER>
       <KIND>X</KIND>
      </RSFDO>
      <RSFDO>
       <PARAMETER>EX_READ_ERROR</PARAMETER>
       <KIND>X</KIND>
      </RSFDO>
      <RSFDO>
       <PARAMETER>EX_LOCK_ERROR</PARAMETER>
       <KIND>X</KIND>
      </RSFDO>
      <RSFDO>
       <PARAMETER>EX_MOVE_ERROR</PARAMETER>
       <KIND>X</KIND>
      </RSFDO>
      <RSFDO>
       <PARAMETER>EX_SAVE_ERROR</PARAMETER>
       <KIND>X</KIND>
      </RSFDO>
     </DOCUMENTATION>
    </item>
   </FUNCTIONS>
  </asx:values>
 </asx:abap>
</abapGit>
