﻿<?xml version="1.0" encoding="utf-8"?>
<abapGit version="v1.0.0" serializer="LCL_OBJECT_TABL" serializer_version="v1.0.0">
 <asx:abap xmlns:asx="http://www.sap.com/abapxml" version="1.0">
  <asx:values>
   <DD02V>
    <TABNAME>ZFI_S_GLMAST_ISR_KEY</TABNAME>
    <DDLANGUAGE>E</DDLANGUAGE>
    <TABCLASS>INTTAB</TABCLASS>
    <DDTEXT>GL Master Key for ISR Process</DDTEXT>
    <MASTERLANG>E</MASTERLANG>
    <EXCLASS>3</EXCLASS>
   </DD02V>
   <DD03P_TABLE>
    <DD03P>
     <TABNAME>ZFI_S_GLMAST_ISR_KEY</TABNAME>
     <FIELDNAME>SAKNR</FIELDNAME>
     <POSITION>0001</POSITION>
     <ROLLNAME>SAKNR</ROLLNAME>
     <ADMINFIELD>0</ADMINFIELD>
     <SHLPORIGIN>D</SHLPORIGIN>
     <COMPTYPE>E</COMPTYPE>
    </DD03P>
    <DD03P>
     <TABNAME>ZFI_S_GLMAST_ISR_KEY</TABNAME>
     <FIELDNAME>KTOPL</FIELDNAME>
     <POSITION>0002</POSITION>
     <ROLLNAME>KTOPL</ROLLNAME>
     <ADMINFIELD>0</ADMINFIELD>
     <SHLPORIGIN>D</SHLPORIGIN>
     <COMPTYPE>E</COMPTYPE>
    </DD03P>
    <DD03P>
     <TABNAME>ZFI_S_GLMAST_ISR_KEY</TABNAME>
     <FIELDNAME>BUKRS</FIELDNAME>
     <POSITION>0003</POSITION>
     <ROLLNAME>BUKRS</ROLLNAME>
     <ADMINFIELD>0</ADMINFIELD>
     <SHLPORIGIN>D</SHLPORIGIN>
     <COMPTYPE>E</COMPTYPE>
    </DD03P>
    <DD03P>
     <TABNAME>ZFI_S_GLMAST_ISR_KEY</TABNAME>
     <FIELDNAME>KSTAR</FIELDNAME>
     <POSITION>0004</POSITION>
     <ROLLNAME>KSTAR</ROLLNAME>
     <ADMINFIELD>0</ADMINFIELD>
     <COMPTYPE>E</COMPTYPE>
    </DD03P>
    <DD03P>
     <TABNAME>ZFI_S_GLMAST_ISR_KEY</TABNAME>
     <FIELDNAME>FIPEX</FIELDNAME>
     <POSITION>0005</POSITION>
     <ROLLNAME>FM_FIPEX</ROLLNAME>
     <ADMINFIELD>0</ADMINFIELD>
     <COMPTYPE>E</COMPTYPE>
    </DD03P>
    <DD03P>
     <TABNAME>ZFI_S_GLMAST_ISR_KEY</TABNAME>
     <FIELDNAME>ERGSL</FIELDNAME>
     <POSITION>0006</POSITION>
     <ROLLNAME>ERGSL</ROLLNAME>
     <ADMINFIELD>0</ADMINFIELD>
     <COMPTYPE>E</COMPTYPE>
    </DD03P>
    <DD03P>
     <TABNAME>ZFI_S_GLMAST_ISR_KEY</TABNAME>
     <FIELDNAME>FIKRS</FIELDNAME>
     <POSITION>0007</POSITION>
     <ROLLNAME>FIKRS</ROLLNAME>
     <ADMINFIELD>0</ADMINFIELD>
     <COMPTYPE>E</COMPTYPE>
    </DD03P>
    <DD03P>
     <TABNAME>ZFI_S_GLMAST_ISR_KEY</TABNAME>
     <FIELDNAME>VERSN</FIELDNAME>
     <POSITION>0008</POSITION>
     <ROLLNAME>VERSN_011</ROLLNAME>
     <ADMINFIELD>0</ADMINFIELD>
     <COMPTYPE>E</COMPTYPE>
    </DD03P>
   </DD03P_TABLE>
  </asx:values>
 </asx:abap>
</abapGit>
