﻿<?xml version="1.0" encoding="utf-8"?>
<abapGit version="v1.0.0" serializer="LCL_OBJECT_SXCI" serializer_version="v1.0.0">
 <asx:abap xmlns:asx="http://www.sap.com/abapxml" version="1.0">
  <asx:values>
   <SXCI>
    <IMPLEMENTATION_DATA>
     <IMP_NAME>ZFI_QISR1_GL_MAINT</IMP_NAME>
     <TEXT>GL Master Data Maintenance Request via  ISR Form</TEXT>
     <IMP_CLASS>ZCL_IM_FI_QISR1_GL_MAINT</IMP_CLASS>
     <EXIT_NAME>QISR1</EXIT_NAME>
     <INTER_NAME>IF_EX_QISR1</INTER_NAME>
    </IMPLEMENTATION_DATA>
    <FILTERS>
     <item>
      <FLT_VAL>ZGLF</FLT_VAL>
     </item>
    </FILTERS>
   </SXCI>
  </asx:values>
 </asx:abap>
</abapGit>
