﻿<?xml version="1.0" encoding="utf-8"?>
<abapGit version="v1.0.0" serializer="LCL_OBJECT_ENHO" serializer_version="v1.0.0">
 <asx:abap xmlns:asx="http://www.sap.com/abapxml" version="1.0">
  <asx:values>
   <TOOL>BADI_IMPL</TOOL>
   <SHORTTEXT>Enhancement: GL Master Data Maintenance via ISR form</SHORTTEXT>
   <SPOT_NAME>QISR1</SPOT_NAME>
   <IMPL>
    <ENH_BADI_IMPL_DATA>
     <SPOT_NAME>QISR1</SPOT_NAME>
     <BADI_NAME>QISR1</BADI_NAME>
     <IMPL_NAME>ZFI_QISR1_GL_MAINT</IMPL_NAME>
     <IMPL_CLASS>ZCL_IM_FI_QISR1_GL_MAINT</IMPL_CLASS>
     <ACTIVE>X</ACTIVE>
     <FILTER_ROOT>
      <ENH_BADIIMPL_FILTER_ROOT>
       <ROOT>1</ROOT>
       <FILTERS>
        <ENH_BADIIMPL_FILTER_ID>
         <FILTER_NAME>QSCENARIO</FILTER_NAME>
         <ID>1</ID>
        </ENH_BADIIMPL_FILTER_ID>
       </FILTERS>
      </ENH_BADIIMPL_FILTER_ROOT>
     </FILTER_ROOT>
     <FILTER_VALUES>
      <ENH_BADIIMPL_FILTER_VALUE>
       <ID>1</ID>
       <FILTER_NAME>QSCENARIO</FILTER_NAME>
       <FILTER_TYPE>C</FILTER_TYPE>
       <COMPARE>=</COMPARE>
       <FILTER_CHAR_VALUE1>ZGLF</FILTER_CHAR_VALUE1>
       <CHECK_TYPE>QSCENARIO</CHECK_TYPE>
      </ENH_BADIIMPL_FILTER_VALUE>
     </FILTER_VALUES>
     <FILTERS>
      <ENH_BADI_FILTER_IMPL>
       <DISJ_IDX>1</DISJ_IDX>
       <CONJ_IDX>1</CONJ_IDX>
       <FILTER_NAME>QSCENARIO</FILTER_NAME>
       <FILTER_TYPE>C</FILTER_TYPE>
       <COMPARE>=</COMPARE>
       <FILTER_CHAR_VALUE1>ZGLF</FILTER_CHAR_VALUE1>
       <CHECK_TYPE>QSCENARIO</CHECK_TYPE>
      </ENH_BADI_FILTER_IMPL>
     </FILTERS>
     <IMPL_SHORTTEXT>GL Master Data Maintenance Request via  ISR Form</IMPL_SHORTTEXT>
     <IMPL_SHORTTEXT_ID>005056AA186B1EEAB8CF4E4C2BDAC86B</IMPL_SHORTTEXT_ID>
     <MIG_BADI_IMPL>ZFI_QISR1_GL_MAINT</MIG_BADI_IMPL>
    </ENH_BADI_IMPL_DATA>
   </IMPL>
   <SOTR>
    <item>
     <HEADER>
      <CONCEPT>005056AA186B1EEAB8CF461475AB6864</CONCEPT>
      <CREA_LAN>E</CREA_LAN>
      <TRALA_TYPE>1</TRALA_TYPE>
      <OBJID_VEC>AAI=</OBJID_VEC>
     </HEADER>
     <ENTRIES>
      <SOTR_TEXT>
       <CONCEPT>005056AA186B1EEAB8CF461475AB6864</CONCEPT>
       <LANGU>E</LANGU>
       <LFD_NUM>0001</LFD_NUM>
       <FLAG_CNTXT>X</FLAG_CNTXT>
       <STATUS>R</STATUS>
       <LENGTH>078</LENGTH>
       <TEXT>Enhancement: GL Master Data Maintenance via ISR form</TEXT>
      </SOTR_TEXT>
     </ENTRIES>
    </item>
    <item>
     <HEADER>
      <CONCEPT>005056AA186B1EEAB8CF4E4C2BDAC86B</CONCEPT>
      <CREA_LAN>E</CREA_LAN>
      <TRALA_TYPE>1</TRALA_TYPE>
      <OBJID_VEC>AAI=</OBJID_VEC>
     </HEADER>
     <ENTRIES>
      <SOTR_TEXT>
       <CONCEPT>005056AA186B1EEAB8CF4E4C2BDAC86B</CONCEPT>
       <LANGU>E</LANGU>
       <LFD_NUM>0001</LFD_NUM>
       <FLAG_CNTXT>X</FLAG_CNTXT>
       <STATUS>R</STATUS>
       <LENGTH>072</LENGTH>
       <TEXT>GL Master Data Maintenance Request via  ISR Form</TEXT>
      </SOTR_TEXT>
     </ENTRIES>
    </item>
   </SOTR>
   <SOTR_USE>
    <SOTR_USE>
     <PGMID>R3TR</PGMID>
     <OBJECT>ENHO</OBJECT>
     <OBJ_NAME>ZFI_ENH_IMP_QISR1_GL_MAINT</OBJ_NAME>
     <CONCEPT>005056AA186B1EEAB8CF461475AB6864</CONCEPT>
     <LFD_NUM>0001</LFD_NUM>
    </SOTR_USE>
    <SOTR_USE>
     <PGMID>R3TR</PGMID>
     <OBJECT>ENHO</OBJECT>
     <OBJ_NAME>ZFI_ENH_IMP_QISR1_GL_MAINT</OBJ_NAME>
     <CONCEPT>005056AA186B1EEAB8CF4E4C2BDAC86B</CONCEPT>
     <LFD_NUM>0001</LFD_NUM>
    </SOTR_USE>
   </SOTR_USE>
  </asx:values>
 </asx:abap>
</abapGit>
