﻿<?xml version="1.0" encoding="utf-8"?>
<abapGit version="v1.0.0" serializer="LCL_OBJECT_UDMO" serializer_version="v1.0.0">
 <asx:abap xmlns:asx="http://www.sap.com/abapxml" version="1.0">
  <asx:values>
   <DM40L>
    <DMOID>ZGLMAST</DMOID>
    <AS4LOCAL>A</AS4LOCAL>
    <REF_ENTID>12107</REF_ENTID>
    <FLG_DEF>X</FLG_DEF>
    <FLG_FRAME>X</FLG_FRAME>
    <FLG_BUSINS>X</FLG_BUSINS>
    <COLORTYPE>C</COLORTYPE>
   </DM40L>
   <UDMO_TEXTS>
    <item>
     <SPRACHE>E</SPRACHE>
     <DMOID>ZGLMAST</DMOID>
     <LANGBEZ>Business Object: GL Master Data</LANGBEZ>
     <AS4LOCAL>A</AS4LOCAL>
    </item>
   </UDMO_TEXTS>
   <UDMO_LONG_TEXTS>
    <item>
     <LANGUAGE>E</LANGUAGE>
     <HEADER>
      <TDNAME>UDMDZGLMAST                   A</TDNAME>
      <TDID>IM</TDID>
      <TDSPRAS>E</TDSPRAS>
      <TDFORM>S_DOCU_SHOW</TDFORM>
      <TDSTYLE>S_DOCUS1</TDSTYLE>
      <TDVERSION>00001</TDVERSION>
      <TDFRELES>750</TDFRELES>
      <TDLINESIZE>072</TDLINESIZE>
     </HEADER>
    </item>
   </UDMO_LONG_TEXTS>
  </asx:values>
 </asx:abap>
</abapGit>
