﻿<?xml version="1.0" encoding="utf-8"?>
<abapGit version="v1.0.0" serializer="LCL_OBJECT_INTF" serializer_version="v1.0.0">
 <asx:abap xmlns:asx="http://www.sap.com/abapxml" version="1.0">
  <asx:values>
   <VSEOINTERF>
    <CLSNAME>ZIF_MASTERDATA</CLSNAME>
    <LANGU>E</LANGU>
    <DESCRIPT>Master data API Interface</DESCRIPT>
    <EXPOSURE>2</EXPOSURE>
    <STATE>1</STATE>
    <UNICODE>X</UNICODE>
   </VSEOINTERF>
   <DESCRIPTIONS>
    <SEOCOMPOTX>
     <CLSNAME>ZIF_MASTERDATA</CLSNAME>
     <CMPNAME>EXISTENCECHECK</CMPNAME>
     <LANGU>E</LANGU>
     <DESCRIPT>Check Existence of a Master data object</DESCRIPT>
    </SEOCOMPOTX>
    <SEOCOMPOTX>
     <CLSNAME>ZIF_MASTERDATA</CLSNAME>
     <CMPNAME>MAINTAIN</CMPNAME>
     <LANGU>E</LANGU>
     <DESCRIPT>Maintain Master data (CRUD)</DESCRIPT>
    </SEOCOMPOTX>
    <SEOCOMPOTX>
     <CLSNAME>ZIF_MASTERDATA</CLSNAME>
     <CMPNAME>READ_DATA</CMPNAME>
     <LANGU>E</LANGU>
     <DESCRIPT>Read Master data Object</DESCRIPT>
    </SEOCOMPOTX>
   </DESCRIPTIONS>
  </asx:values>
 </asx:abap>
</abapGit>
