﻿<?xml version="1.0" encoding="utf-8"?>
<abapGit version="v1.0.0" serializer="LCL_OBJECT_INTF" serializer_version="v1.0.0">
 <asx:abap xmlns:asx="http://www.sap.com/abapxml" version="1.0">
  <asx:values>
   <VSEOINTERF>
    <CLSNAME>ZIF_MASTERDATA_FACTORY</CLSNAME>
    <LANGU>E</LANGU>
    <DESCRIPT>Master data Factory Interface</DESCRIPT>
    <EXPOSURE>2</EXPOSURE>
    <STATE>1</STATE>
    <UNICODE>X</UNICODE>
   </VSEOINTERF>
   <DESCRIPTIONS>
    <SEOCOMPOTX>
     <CLSNAME>ZIF_MASTERDATA_FACTORY</CLSNAME>
     <CMPNAME>GET_DATA</CMPNAME>
     <LANGU>E</LANGU>
     <DESCRIPT>Get Master data Object</DESCRIPT>
    </SEOCOMPOTX>
    <SEOCOMPOTX>
     <CLSNAME>ZIF_MASTERDATA_FACTORY</CLSNAME>
     <CMPNAME>IS_EXIST</CMPNAME>
     <LANGU>E</LANGU>
     <DESCRIPT>Check Existence of a Master data object</DESCRIPT>
    </SEOCOMPOTX>
    <SEOCOMPOTX>
     <CLSNAME>ZIF_MASTERDATA_FACTORY</CLSNAME>
     <CMPNAME>MAINTAIN_DATA</CMPNAME>
     <LANGU>E</LANGU>
     <DESCRIPT>Maintain Master data (CRUD)</DESCRIPT>
    </SEOCOMPOTX>
   </DESCRIPTIONS>
  </asx:values>
 </asx:abap>
</abapGit>
